AdrenalMeanWeight,Pleth.base.TidalVolume
AUC.IRI.AUC.G,Pleth.base.TidalVolume
Biochem.ALP,Pleth.base.TidalVolume
Biochem.Glucose,Pleth.base.TidalVolume
Biochem.HDL,Pleth.base.TidalVolume
Biochem.LDL,Pleth.base.TidalVolume
Biochem.Phosphorous,Pleth.base.TidalVolume
Biochem.Tot.Cholesterol,Pleth.base.TidalVolume
Biochem.Triglycerides,Pleth.base.TidalVolume
Biochem.Urea,Pleth.base.TidalVolume
BurrowedPelletWeight,Pleth.base.TidalVolume
CD4Count,Pleth.base.TidalVolume
CD8Count,Pleth.base.TidalVolume
Context.Mean.Freeze,Pleth.base.TidalVolume
Cue.Mean.Freeze.Corrected.During,Pleth.base.TidalVolume
Cue.Mean.Freeze.Post,Pleth.base.TidalVolume
DIRI.DG,Pleth.base.TidalVolume
EarHoleMeanArea,Pleth.base.TidalVolume
EPM.ClosedArmDistance,Pleth.base.TidalVolume
EPM.ClosedArmEntries,Pleth.base.TidalVolume
EPM.ClosedArmTime,Pleth.base.TidalVolume
EPM.JunctionDistance,Pleth.base.TidalVolume
EPM.JunctionEntries,Pleth.base.TidalVolume
EPM.JunctionTime,Pleth.base.TidalVolume
EPM.OpenArmDistance,Pleth.base.TidalVolume
EPM.OpenArmEntries,Pleth.base.TidalVolume
EPM.OpenArmTime,Pleth.base.TidalVolume
FaecalSteroid,Pleth.base.TidalVolume
FaecalSteroidFemales,Pleth.base.TidalVolume
FN.postWeight,Pleth.base.TidalVolume
FN.preWeight,Pleth.base.TidalVolume
FPS.Bang.Increase,Pleth.base.TidalVolume
FPS.Bang.Tone.Increase,Pleth.base.TidalVolume
FPS.Pre.Bang.Mean,Pleth.base.TidalVolume
FPS.Pre.Bang.Tone.Mean,Pleth.base.TidalVolume
Glucose_0,Pleth.base.TidalVolume
Glucose_15,Pleth.base.TidalVolume
Glucose_30,Pleth.base.TidalVolume
Glucose_75,Pleth.base.TidalVolume
Glucose.AUC,Pleth.base.TidalVolume
Glucose.Delta,Pleth.base.TidalVolume
Glucose.Slope,Pleth.base.TidalVolume
Glucose.Weight,Pleth.base.TidalVolume
Haem.HGB,Pleth.base.TidalVolume
Haem.LYMabs,Pleth.base.TidalVolume
Haem.MCH,Pleth.base.TidalVolume
Haem.MCHC,Pleth.base.TidalVolume
Haem.MCV,Pleth.base.TidalVolume
Haem.MPV,Pleth.base.TidalVolume
Haem.NEUabs,Pleth.base.TidalVolume
Haem.PCT,Pleth.base.TidalVolume
Haem.PLT,Pleth.base.TidalVolume
Haem.RBC,Pleth.base.TidalVolume
Haem.RDW,Pleth.base.TidalVolume
Haem.WBC,Pleth.base.TidalVolume
Imm.CD4CD8Ratio,Pleth.base.TidalVolume
Imm.CD4inCD3XGeoMean,Pleth.base.TidalVolume
Imm.CD8inCD3YGeoMean,Pleth.base.TidalVolume
Imm.PctB220,Pleth.base.TidalVolume
Imm.PctCD3,Pleth.base.TidalVolume
Imm.PctCD4,Pleth.base.TidalVolume
Imm.PctCD4inCD3,Pleth.base.TidalVolume
Imm.PctCD8,Pleth.base.TidalVolume
Imm.PctCD8inCD3,Pleth.base.TidalVolume
Imm.PctNKTAndOutliers,Pleth.base.TidalVolume
Insulin.15,Pleth.base.TidalVolume
Insulin.30,Pleth.base.TidalVolume
Insulin.75,Pleth.base.TidalVolume
Insulin.AUC,Pleth.base.TidalVolume
Insulin.Delta,Pleth.base.TidalVolume
KI67,Pleth.base.TidalVolume
Obesity.BMI,Pleth.base.TidalVolume
Obesity.BodyLength,Pleth.base.TidalVolume
OFT.Boli,Pleth.base.TidalVolume
OFT.CenterTime,Pleth.base.TidalVolume
OFT.TotalActivity,Pleth.base.TidalVolume
PAS.Ambulatory1,Pleth.base.TidalVolume
PAS.Ambulatory6,Pleth.base.TidalVolume
PAS.TotalAmbulatory,Pleth.base.TidalVolume
PAS.TotalFine,Pleth.base.TidalVolume
Pleth.base.BreathFrequency,Pleth.base.TidalVolume
Pleth.base.EnhancedPause,Pleth.base.TidalVolume
Pleth.base.ExpiratoryTime,Pleth.base.TidalVolume
Pleth.base.InspiratoryTime,Pleth.base.TidalVolume
Pleth.base.MinuteVolume,Pleth.base.TidalVolume
Pleth.base.TidalVolume,Pleth.base.TidalVolume
Pleth.EnhancedDiff,Pleth.base.TidalVolume
Pleth.meta.BreathFrequency,Pleth.base.TidalVolume
Pleth.meta.EnhancedPause,Pleth.base.TidalVolume
Pleth.meta.ExpiratoryTime,Pleth.base.TidalVolume
Pleth.meta.InspiratoryTime,Pleth.base.TidalVolume
Pleth.meta.MinuteVolume,Pleth.base.TidalVolume
Pleth.meta.TidalVolume,Pleth.base.TidalVolume
Start.Weight,Pleth.base.TidalVolume
StressSteroid,Pleth.base.TidalVolume
Weight.GrowthSlope,Pleth.base.TidalVolume
