AdrenalMeanWeight,Glucose_15
AUC.IRI.AUC.G,Glucose_15
Biochem.ALP,Glucose_15
Biochem.Glucose,Glucose_15
Biochem.HDL,Glucose_15
Biochem.LDL,Glucose_15
Biochem.Phosphorous,Glucose_15
Biochem.Tot.Cholesterol,Glucose_15
Biochem.Triglycerides,Glucose_15
Biochem.Urea,Glucose_15
BurrowedPelletWeight,Glucose_15
CD4Count,Glucose_15
CD8Count,Glucose_15
Context.Mean.Freeze,Glucose_15
Cue.Mean.Freeze.Corrected.During,Glucose_15
Cue.Mean.Freeze.Post,Glucose_15
DIRI.DG,Glucose_15
EarHoleMeanArea,Glucose_15
EPM.ClosedArmDistance,Glucose_15
EPM.ClosedArmEntries,Glucose_15
EPM.ClosedArmTime,Glucose_15
EPM.JunctionDistance,Glucose_15
EPM.JunctionEntries,Glucose_15
EPM.JunctionTime,Glucose_15
EPM.OpenArmDistance,Glucose_15
EPM.OpenArmEntries,Glucose_15
EPM.OpenArmTime,Glucose_15
FaecalSteroid,Glucose_15
FaecalSteroidFemales,Glucose_15
FN.postWeight,Glucose_15
FN.preWeight,Glucose_15
FPS.Bang.Increase,Glucose_15
FPS.Bang.Tone.Increase,Glucose_15
FPS.Pre.Bang.Mean,Glucose_15
FPS.Pre.Bang.Tone.Mean,Glucose_15
Glucose_0,Glucose_15
Glucose_15,Glucose_15
Glucose_30,Glucose_15
Glucose_75,Glucose_15
Glucose.AUC,Glucose_15
Glucose.Delta,Glucose_15
Glucose.Slope,Glucose_15
Glucose.Weight,Glucose_15
Haem.HGB,Glucose_15
Haem.LYMabs,Glucose_15
Haem.MCH,Glucose_15
Haem.MCHC,Glucose_15
Haem.MCV,Glucose_15
Haem.MPV,Glucose_15
Haem.NEUabs,Glucose_15
Haem.PCT,Glucose_15
Haem.PLT,Glucose_15
Haem.RBC,Glucose_15
Haem.RDW,Glucose_15
Haem.WBC,Glucose_15
Imm.CD4CD8Ratio,Glucose_15
Imm.CD4inCD3XGeoMean,Glucose_15
Imm.CD8inCD3YGeoMean,Glucose_15
Imm.PctB220,Glucose_15
Imm.PctCD3,Glucose_15
Imm.PctCD4,Glucose_15
Imm.PctCD4inCD3,Glucose_15
Imm.PctCD8,Glucose_15
Imm.PctCD8inCD3,Glucose_15
Imm.PctNKTAndOutliers,Glucose_15
Insulin.15,Glucose_15
Insulin.30,Glucose_15
Insulin.75,Glucose_15
Insulin.AUC,Glucose_15
Insulin.Delta,Glucose_15
KI67,Glucose_15
Obesity.BMI,Glucose_15
Obesity.BodyLength,Glucose_15
OFT.Boli,Glucose_15
OFT.CenterTime,Glucose_15
OFT.TotalActivity,Glucose_15
PAS.Ambulatory1,Glucose_15
PAS.Ambulatory6,Glucose_15
PAS.TotalAmbulatory,Glucose_15
PAS.TotalFine,Glucose_15
Pleth.base.BreathFrequency,Glucose_15
Pleth.base.EnhancedPause,Glucose_15
Pleth.base.ExpiratoryTime,Glucose_15
Pleth.base.InspiratoryTime,Glucose_15
Pleth.base.MinuteVolume,Glucose_15
Pleth.base.TidalVolume,Glucose_15
Pleth.EnhancedDiff,Glucose_15
Pleth.meta.BreathFrequency,Glucose_15
Pleth.meta.EnhancedPause,Glucose_15
Pleth.meta.ExpiratoryTime,Glucose_15
Pleth.meta.InspiratoryTime,Glucose_15
Pleth.meta.MinuteVolume,Glucose_15
Pleth.meta.TidalVolume,Glucose_15
Start.Weight,Glucose_15
StressSteroid,Glucose_15
Weight.GrowthSlope,Glucose_15
