AdrenalMeanWeight,OFT.Boli
AUC.IRI.AUC.G,OFT.Boli
Biochem.ALP,OFT.Boli
Biochem.Glucose,OFT.Boli
Biochem.HDL,OFT.Boli
Biochem.LDL,OFT.Boli
Biochem.Phosphorous,OFT.Boli
Biochem.Tot.Cholesterol,OFT.Boli
Biochem.Triglycerides,OFT.Boli
Biochem.Urea,OFT.Boli
BurrowedPelletWeight,OFT.Boli
CD4Count,OFT.Boli
CD8Count,OFT.Boli
Context.Mean.Freeze,OFT.Boli
Cue.Mean.Freeze.Corrected.During,OFT.Boli
Cue.Mean.Freeze.Post,OFT.Boli
DIRI.DG,OFT.Boli
EarHoleMeanArea,OFT.Boli
EPM.ClosedArmDistance,OFT.Boli
EPM.ClosedArmEntries,OFT.Boli
EPM.ClosedArmTime,OFT.Boli
EPM.JunctionDistance,OFT.Boli
EPM.JunctionEntries,OFT.Boli
EPM.JunctionTime,OFT.Boli
EPM.OpenArmDistance,OFT.Boli
EPM.OpenArmEntries,OFT.Boli
EPM.OpenArmTime,OFT.Boli
FaecalSteroid,OFT.Boli
FaecalSteroidFemales,OFT.Boli
FN.postWeight,OFT.Boli
FN.preWeight,OFT.Boli
FPS.Bang.Increase,OFT.Boli
FPS.Bang.Tone.Increase,OFT.Boli
FPS.Pre.Bang.Mean,OFT.Boli
FPS.Pre.Bang.Tone.Mean,OFT.Boli
Glucose_0,OFT.Boli
Glucose_15,OFT.Boli
Glucose_30,OFT.Boli
Glucose_75,OFT.Boli
Glucose.AUC,OFT.Boli
Glucose.Delta,OFT.Boli
Glucose.Slope,OFT.Boli
Glucose.Weight,OFT.Boli
Haem.HGB,OFT.Boli
Haem.LYMabs,OFT.Boli
Haem.MCH,OFT.Boli
Haem.MCHC,OFT.Boli
Haem.MCV,OFT.Boli
Haem.MPV,OFT.Boli
Haem.NEUabs,OFT.Boli
Haem.PCT,OFT.Boli
Haem.PLT,OFT.Boli
Haem.RBC,OFT.Boli
Haem.RDW,OFT.Boli
Haem.WBC,OFT.Boli
Imm.CD4CD8Ratio,OFT.Boli
Imm.CD4inCD3XGeoMean,OFT.Boli
Imm.CD8inCD3YGeoMean,OFT.Boli
Imm.PctB220,OFT.Boli
Imm.PctCD3,OFT.Boli
Imm.PctCD4,OFT.Boli
Imm.PctCD4inCD3,OFT.Boli
Imm.PctCD8,OFT.Boli
Imm.PctCD8inCD3,OFT.Boli
Imm.PctNKTAndOutliers,OFT.Boli
Insulin.15,OFT.Boli
Insulin.30,OFT.Boli
Insulin.75,OFT.Boli
Insulin.AUC,OFT.Boli
Insulin.Delta,OFT.Boli
KI67,OFT.Boli
Obesity.BMI,OFT.Boli
Obesity.BodyLength,OFT.Boli
OFT.Boli,OFT.Boli
OFT.CenterTime,OFT.Boli
OFT.TotalActivity,OFT.Boli
PAS.Ambulatory1,OFT.Boli
PAS.Ambulatory6,OFT.Boli
PAS.TotalAmbulatory,OFT.Boli
PAS.TotalFine,OFT.Boli
Pleth.base.BreathFrequency,OFT.Boli
Pleth.base.EnhancedPause,OFT.Boli
Pleth.base.ExpiratoryTime,OFT.Boli
Pleth.base.InspiratoryTime,OFT.Boli
Pleth.base.MinuteVolume,OFT.Boli
Pleth.base.TidalVolume,OFT.Boli
Pleth.EnhancedDiff,OFT.Boli
Pleth.meta.BreathFrequency,OFT.Boli
Pleth.meta.EnhancedPause,OFT.Boli
Pleth.meta.ExpiratoryTime,OFT.Boli
Pleth.meta.InspiratoryTime,OFT.Boli
Pleth.meta.MinuteVolume,OFT.Boli
Pleth.meta.TidalVolume,OFT.Boli
Start.Weight,OFT.Boli
StressSteroid,OFT.Boli
Weight.GrowthSlope,OFT.Boli
