Adrenals.Adrenals_g_BWcorr,FACS.CD3posCD8pos
Bioch.ALAT_BWcorr,FACS.CD3posCD8pos
Bioch.Albumin_BWcorr,FACS.CD3posCD8pos
Bioch.ALP_BWcorr,FACS.CD3posCD8pos
Bioch.Amylase_BWcorr,FACS.CD3posCD8pos
Bioch.Calcium_BWcorr,FACS.CD3posCD8pos
Bioch.Chloride_BWcorr,FACS.CD3posCD8pos
Bioch.CreatinineEnzymatic_BWcorr,FACS.CD3posCD8pos
Bioch.FreeFattyAcid_BWcorr,FACS.CD3posCD8pos
Bioch.Glucose_BWcorr,FACS.CD3posCD8pos
Bioch.Glycerol_BWcorr,FACS.CD3posCD8pos
Bioch.HDL_BWcorr,FACS.CD3posCD8pos
Bioch.Iron_BWcorr,FACS.CD3posCD8pos
Bioch.LDH_BWcorr,FACS.CD3posCD8pos
Bioch.LDL_BWcorr,FACS.CD3posCD8pos
Bioch.Tot.Billirubin_BWcorr,FACS.CD3posCD8pos
Bioch.Tot.Cholesterol_BWcorr,FACS.CD3posCD8pos
Bioch.Tot.Protein_BWcorr,FACS.CD3posCD8pos
Bioch.Triglycerides_BWcorr,FACS.CD3posCD8pos
Bioch.Urea_BWcorr,FACS.CD3posCD8pos
BMC.Mean,FACS.CD3posCD8pos
BMC.Median,FACS.CD3posCD8pos
BMC.osteoporosis,FACS.CD3posCD8pos
BMC.Perim,FACS.CD3posCD8pos
BMC.StdDev,FACS.CD3posCD8pos
Cardio.ECG.JT_Interval_BWcorr,FACS.CD3posCD8pos
Cardio.ECG.PR_main_BWcorr,FACS.CD3posCD8pos
Cardio.ECG.QT_main_BWcorr,FACS.CD3posCD8pos
Cardio.ECG.QTcorr_main_BWcorr,FACS.CD3posCD8pos
Cardio.ECG.QTcorr_peak_BWcorr,FACS.CD3posCD8pos
Diss.Brain.Weight_BWcorr,FACS.CD3posCD8pos
Diss.Tail.Length_BWcorr,FACS.CD3posCD8pos
EPM.ClosedArms.Distance_BWcorr,FACS.CD3posCD8pos
EPM.ClosedArms.Time_BWcorr,FACS.CD3posCD8pos
EPM.OpenArms.Distance_BWcorr,FACS.CD3posCD8pos
EPM.OpenArms.Entries_BWcorr,FACS.CD3posCD8pos
EPM.OpenArms.Time_BWcorr,FACS.CD3posCD8pos
EPM.Total.Distance_BWcorr,FACS.CD3posCD8pos
FACS.CD3posCD44negCD4CD8Ratio,FACS.CD3posCD8pos
FACS.CD3posCD44posCD4CD8Ratio,FACS.CD3posCD8pos
FACS.CD3posCD4CD8Ratio,FACS.CD3posCD8pos
FACS.CD3posCD4pos,FACS.CD3posCD8pos
FACS.CD3posCD4posCD44pos,FACS.CD3posCD8pos
FACS.CD3posCD8pos,FACS.CD3posCD8pos
FACS.CD3posCD8posCD44pos,FACS.CD3posCD8pos
FACS.CD45posCD3negCD19pos,FACS.CD3posCD8pos
FACS.CD45posCD3negDX5pos,FACS.CD3posCD8pos
FACS.CD45posCD3posCD4pos,FACS.CD3posCD8pos
FACS.CD45posCD3posCD8pos,FACS.CD3posCD8pos
FC.Context.Freeze.Corrected,FACS.CD3posCD8pos
FC.Training.UnconditionedFreeze.Corrected,FACS.CD3posCD8pos
Haem.abs_lymphs,FACS.CD3posCD8pos
Haem.abs_neuts,FACS.CD3posCD8pos
Haem.CHCM,FACS.CD3posCD8pos
Haem.HDW,FACS.CD3posCD8pos
Haem.Large_PLT,FACS.CD3posCD8pos
Haem.MCH,FACS.CD3posCD8pos
Haem.MCHC,FACS.CD3posCD8pos
Haem.MCV,FACS.CD3posCD8pos
Haem.MONO_percent,FACS.CD3posCD8pos
Haem.MPV,FACS.CD3posCD8pos
Haem.PCT,FACS.CD3posCD8pos
Haem.PLT,FACS.CD3posCD8pos
Haem.RDW,FACS.CD3posCD8pos
Haem.WBCP,FACS.CD3posCD8pos
Hypoxia.f_Baseline_BWcorr,FACS.CD3posCD8pos
Hypoxia.f_HVD_BWcorr,FACS.CD3posCD8pos
Hypoxia.f_Off_response_BWcorr,FACS.CD3posCD8pos
Hypoxia.f_SHR_BWcorr,FACS.CD3posCD8pos
Hypoxia.f_Undershoot_BWcorr,FACS.CD3posCD8pos
Hypoxia.MV_Baseline_BWcorr,FACS.CD3posCD8pos
Hypoxia.MV_HVD_BWcorr,FACS.CD3posCD8pos
Hypoxia.MV_NR_BWcorr,FACS.CD3posCD8pos
Hypoxia.MV_Off_response_BWcorr,FACS.CD3posCD8pos
Hypoxia.MV_SHR_BWcorr,FACS.CD3posCD8pos
Hypoxia.MV_Undershoot_BWcorr,FACS.CD3posCD8pos
Hypoxia.TV_AHR_BWcorr,FACS.CD3posCD8pos
Hypoxia.TV_Baseline_BWcorr,FACS.CD3posCD8pos
Hypoxia.TV_HVD_BWcorr,FACS.CD3posCD8pos
Hypoxia.TV_NR_BWcorr,FACS.CD3posCD8pos
Hypoxia.TV_Off_response_BWcorr,FACS.CD3posCD8pos
Hypoxia.TV_SHR_BWcorr,FACS.CD3posCD8pos
Hypoxia.TV_Undershoot_BWcorr,FACS.CD3posCD8pos
Micronucleus.Mn.NCE,FACS.CD3posCD8pos
Muscles.EDL.g_BWcorr,FACS.CD3posCD8pos
Muscles.Gast.g_BWcorr,FACS.CD3posCD8pos
Muscles.Plant.g_BWcorr,FACS.CD3posCD8pos
Muscles.Sol.g_BWcorr,FACS.CD3posCD8pos
Muscles.TA.g_BWcorr,FACS.CD3posCD8pos
Neo.Latency_BWcorr,FACS.CD3posCD8pos
Neuro.DCX_BWcorr,FACS.CD3posCD8pos
Neuro.Ki67_BWcorr,FACS.CD3posCD8pos
OFT.Arena.Distance,FACS.CD3posCD8pos
OFT.Centre.Distance,FACS.CD3posCD8pos
OFT.Centre.Entries,FACS.CD3posCD8pos
OFT.Centre.Time,FACS.CD3posCD8pos
OFT.Open.Distance,FACS.CD3posCD8pos
OFT.Open.Time,FACS.CD3posCD8pos
OFT.Periphery.Distance,FACS.CD3posCD8pos
PAS.First5,FACS.CD3posCD8pos
PAS.Last10,FACS.CD3posCD8pos
PAS.Total_Activity,FACS.CD3posCD8pos
PST.Immobility.First2min,FACS.CD3posCD8pos
PST.Immobility.Last4min,FACS.CD3posCD8pos
Sleep.Ampl_BWcorr,FACS.CD3posCD8pos
Sleep.long_sleep.percent_total_BWcorr,FACS.CD3posCD8pos
Sleep.longest_sleep.min_BWcorr,FACS.CD3posCD8pos
Sleep.s12h_D_BWcorr,FACS.CD3posCD8pos
Sleep.s12h_L_BWcorr,FACS.CD3posCD8pos
Sleep.sDif_LD_BWcorr,FACS.CD3posCD8pos
Sleep.short_sleep_BWcorr,FACS.CD3posCD8pos
Sleep.VAR_1h_BWcorr,FACS.CD3posCD8pos
Sleep.VAR_BWcorr,FACS.CD3posCD8pos
SPPI.ln_pa_BWcorr,FACS.CD3posCD8pos
SPPI.ln_pb_BWcorr,FACS.CD3posCD8pos
SPPI.pc_average_pA_BWcorr,FACS.CD3posCD8pos
SPPI.pc_average_pC_BWcorr,FACS.CD3posCD8pos
SPPI.ppReactivity_BWcorr,FACS.CD3posCD8pos
SPPI.pReactivity_BWcorr,FACS.CD3posCD8pos
SPPI.slope_pA_BWcorr,FACS.CD3posCD8pos
SPPI.slpPPI_average_BWcorr,FACS.CD3posCD8pos
Tibia.Length_BWcorr,FACS.CD3posCD8pos
Weight.Average,FACS.CD3posCD8pos
Weight.BMI.body,FACS.CD3posCD8pos
Weight.BMI.tibia,FACS.CD3posCD8pos
Weight.Diss,FACS.CD3posCD8pos
Weight.ECG,FACS.CD3posCD8pos
Weight.Hypo,FACS.CD3posCD8pos
Weight.Startle,FACS.CD3posCD8pos
WH.Ears_Area,FACS.CD3posCD8pos
