Adrenals.Adrenals_g_BWcorr,Neuro.DCX_BWcorr
Bioch.ALAT_BWcorr,Neuro.DCX_BWcorr
Bioch.Albumin_BWcorr,Neuro.DCX_BWcorr
Bioch.ALP_BWcorr,Neuro.DCX_BWcorr
Bioch.Amylase_BWcorr,Neuro.DCX_BWcorr
Bioch.Calcium_BWcorr,Neuro.DCX_BWcorr
Bioch.Chloride_BWcorr,Neuro.DCX_BWcorr
Bioch.CreatinineEnzymatic_BWcorr,Neuro.DCX_BWcorr
Bioch.FreeFattyAcid_BWcorr,Neuro.DCX_BWcorr
Bioch.Glucose_BWcorr,Neuro.DCX_BWcorr
Bioch.Glycerol_BWcorr,Neuro.DCX_BWcorr
Bioch.HDL_BWcorr,Neuro.DCX_BWcorr
Bioch.Iron_BWcorr,Neuro.DCX_BWcorr
Bioch.LDH_BWcorr,Neuro.DCX_BWcorr
Bioch.LDL_BWcorr,Neuro.DCX_BWcorr
Bioch.Tot.Billirubin_BWcorr,Neuro.DCX_BWcorr
Bioch.Tot.Cholesterol_BWcorr,Neuro.DCX_BWcorr
Bioch.Tot.Protein_BWcorr,Neuro.DCX_BWcorr
Bioch.Triglycerides_BWcorr,Neuro.DCX_BWcorr
Bioch.Urea_BWcorr,Neuro.DCX_BWcorr
BMC.Mean,Neuro.DCX_BWcorr
BMC.Median,Neuro.DCX_BWcorr
BMC.osteoporosis,Neuro.DCX_BWcorr
BMC.Perim,Neuro.DCX_BWcorr
BMC.StdDev,Neuro.DCX_BWcorr
Cardio.ECG.JT_Interval_BWcorr,Neuro.DCX_BWcorr
Cardio.ECG.PR_main_BWcorr,Neuro.DCX_BWcorr
Cardio.ECG.QT_main_BWcorr,Neuro.DCX_BWcorr
Cardio.ECG.QTcorr_main_BWcorr,Neuro.DCX_BWcorr
Cardio.ECG.QTcorr_peak_BWcorr,Neuro.DCX_BWcorr
Diss.Brain.Weight_BWcorr,Neuro.DCX_BWcorr
Diss.Tail.Length_BWcorr,Neuro.DCX_BWcorr
EPM.ClosedArms.Distance_BWcorr,Neuro.DCX_BWcorr
EPM.ClosedArms.Time_BWcorr,Neuro.DCX_BWcorr
EPM.OpenArms.Distance_BWcorr,Neuro.DCX_BWcorr
EPM.OpenArms.Entries_BWcorr,Neuro.DCX_BWcorr
EPM.OpenArms.Time_BWcorr,Neuro.DCX_BWcorr
EPM.Total.Distance_BWcorr,Neuro.DCX_BWcorr
FACS.CD3posCD44negCD4CD8Ratio,Neuro.DCX_BWcorr
FACS.CD3posCD44posCD4CD8Ratio,Neuro.DCX_BWcorr
FACS.CD3posCD4CD8Ratio,Neuro.DCX_BWcorr
FACS.CD3posCD4pos,Neuro.DCX_BWcorr
FACS.CD3posCD4posCD44pos,Neuro.DCX_BWcorr
FACS.CD3posCD8pos,Neuro.DCX_BWcorr
FACS.CD3posCD8posCD44pos,Neuro.DCX_BWcorr
FACS.CD45posCD3negCD19pos,Neuro.DCX_BWcorr
FACS.CD45posCD3negDX5pos,Neuro.DCX_BWcorr
FACS.CD45posCD3posCD4pos,Neuro.DCX_BWcorr
FACS.CD45posCD3posCD8pos,Neuro.DCX_BWcorr
FC.Context.Freeze.Corrected,Neuro.DCX_BWcorr
FC.Training.UnconditionedFreeze.Corrected,Neuro.DCX_BWcorr
Haem.abs_lymphs,Neuro.DCX_BWcorr
Haem.abs_neuts,Neuro.DCX_BWcorr
Haem.CHCM,Neuro.DCX_BWcorr
Haem.HDW,Neuro.DCX_BWcorr
Haem.Large_PLT,Neuro.DCX_BWcorr
Haem.MCH,Neuro.DCX_BWcorr
Haem.MCHC,Neuro.DCX_BWcorr
Haem.MCV,Neuro.DCX_BWcorr
Haem.MONO_percent,Neuro.DCX_BWcorr
Haem.MPV,Neuro.DCX_BWcorr
Haem.PCT,Neuro.DCX_BWcorr
Haem.PLT,Neuro.DCX_BWcorr
Haem.RDW,Neuro.DCX_BWcorr
Haem.WBCP,Neuro.DCX_BWcorr
Hypoxia.f_Baseline_BWcorr,Neuro.DCX_BWcorr
Hypoxia.f_HVD_BWcorr,Neuro.DCX_BWcorr
Hypoxia.f_Off_response_BWcorr,Neuro.DCX_BWcorr
Hypoxia.f_SHR_BWcorr,Neuro.DCX_BWcorr
Hypoxia.f_Undershoot_BWcorr,Neuro.DCX_BWcorr
Hypoxia.MV_Baseline_BWcorr,Neuro.DCX_BWcorr
Hypoxia.MV_HVD_BWcorr,Neuro.DCX_BWcorr
Hypoxia.MV_NR_BWcorr,Neuro.DCX_BWcorr
Hypoxia.MV_Off_response_BWcorr,Neuro.DCX_BWcorr
Hypoxia.MV_SHR_BWcorr,Neuro.DCX_BWcorr
Hypoxia.MV_Undershoot_BWcorr,Neuro.DCX_BWcorr
Hypoxia.TV_AHR_BWcorr,Neuro.DCX_BWcorr
Hypoxia.TV_Baseline_BWcorr,Neuro.DCX_BWcorr
Hypoxia.TV_HVD_BWcorr,Neuro.DCX_BWcorr
Hypoxia.TV_NR_BWcorr,Neuro.DCX_BWcorr
Hypoxia.TV_Off_response_BWcorr,Neuro.DCX_BWcorr
Hypoxia.TV_SHR_BWcorr,Neuro.DCX_BWcorr
Hypoxia.TV_Undershoot_BWcorr,Neuro.DCX_BWcorr
Micronucleus.Mn.NCE,Neuro.DCX_BWcorr
Muscles.EDL.g_BWcorr,Neuro.DCX_BWcorr
Muscles.Gast.g_BWcorr,Neuro.DCX_BWcorr
Muscles.Plant.g_BWcorr,Neuro.DCX_BWcorr
Muscles.Sol.g_BWcorr,Neuro.DCX_BWcorr
Muscles.TA.g_BWcorr,Neuro.DCX_BWcorr
Neo.Latency_BWcorr,Neuro.DCX_BWcorr
Neuro.DCX_BWcorr,Neuro.DCX_BWcorr
Neuro.Ki67_BWcorr,Neuro.DCX_BWcorr
OFT.Arena.Distance,Neuro.DCX_BWcorr
OFT.Centre.Distance,Neuro.DCX_BWcorr
OFT.Centre.Entries,Neuro.DCX_BWcorr
OFT.Centre.Time,Neuro.DCX_BWcorr
OFT.Open.Distance,Neuro.DCX_BWcorr
OFT.Open.Time,Neuro.DCX_BWcorr
OFT.Periphery.Distance,Neuro.DCX_BWcorr
PAS.First5,Neuro.DCX_BWcorr
PAS.Last10,Neuro.DCX_BWcorr
PAS.Total_Activity,Neuro.DCX_BWcorr
PST.Immobility.First2min,Neuro.DCX_BWcorr
PST.Immobility.Last4min,Neuro.DCX_BWcorr
Sleep.Ampl_BWcorr,Neuro.DCX_BWcorr
Sleep.long_sleep.percent_total_BWcorr,Neuro.DCX_BWcorr
Sleep.longest_sleep.min_BWcorr,Neuro.DCX_BWcorr
Sleep.s12h_D_BWcorr,Neuro.DCX_BWcorr
Sleep.s12h_L_BWcorr,Neuro.DCX_BWcorr
Sleep.sDif_LD_BWcorr,Neuro.DCX_BWcorr
Sleep.short_sleep_BWcorr,Neuro.DCX_BWcorr
Sleep.VAR_1h_BWcorr,Neuro.DCX_BWcorr
Sleep.VAR_BWcorr,Neuro.DCX_BWcorr
SPPI.ln_pa_BWcorr,Neuro.DCX_BWcorr
SPPI.ln_pb_BWcorr,Neuro.DCX_BWcorr
SPPI.pc_average_pA_BWcorr,Neuro.DCX_BWcorr
SPPI.pc_average_pC_BWcorr,Neuro.DCX_BWcorr
SPPI.ppReactivity_BWcorr,Neuro.DCX_BWcorr
SPPI.pReactivity_BWcorr,Neuro.DCX_BWcorr
SPPI.slope_pA_BWcorr,Neuro.DCX_BWcorr
SPPI.slpPPI_average_BWcorr,Neuro.DCX_BWcorr
Tibia.Length_BWcorr,Neuro.DCX_BWcorr
Weight.Average,Neuro.DCX_BWcorr
Weight.BMI.body,Neuro.DCX_BWcorr
Weight.BMI.tibia,Neuro.DCX_BWcorr
Weight.Diss,Neuro.DCX_BWcorr
Weight.ECG,Neuro.DCX_BWcorr
Weight.Hypo,Neuro.DCX_BWcorr
Weight.Startle,Neuro.DCX_BWcorr
WH.Ears_Area,Neuro.DCX_BWcorr
