Adrenals.Adrenals_g_BWcorr,Haem.MCHC
Bioch.ALAT_BWcorr,Haem.MCHC
Bioch.Albumin_BWcorr,Haem.MCHC
Bioch.ALP_BWcorr,Haem.MCHC
Bioch.Amylase_BWcorr,Haem.MCHC
Bioch.Calcium_BWcorr,Haem.MCHC
Bioch.Chloride_BWcorr,Haem.MCHC
Bioch.CreatinineEnzymatic_BWcorr,Haem.MCHC
Bioch.FreeFattyAcid_BWcorr,Haem.MCHC
Bioch.Glucose_BWcorr,Haem.MCHC
Bioch.Glycerol_BWcorr,Haem.MCHC
Bioch.HDL_BWcorr,Haem.MCHC
Bioch.Iron_BWcorr,Haem.MCHC
Bioch.LDH_BWcorr,Haem.MCHC
Bioch.LDL_BWcorr,Haem.MCHC
Bioch.Tot.Billirubin_BWcorr,Haem.MCHC
Bioch.Tot.Cholesterol_BWcorr,Haem.MCHC
Bioch.Tot.Protein_BWcorr,Haem.MCHC
Bioch.Triglycerides_BWcorr,Haem.MCHC
Bioch.Urea_BWcorr,Haem.MCHC
BMC.Mean,Haem.MCHC
BMC.Median,Haem.MCHC
BMC.osteoporosis,Haem.MCHC
BMC.Perim,Haem.MCHC
BMC.StdDev,Haem.MCHC
Cardio.ECG.JT_Interval_BWcorr,Haem.MCHC
Cardio.ECG.PR_main_BWcorr,Haem.MCHC
Cardio.ECG.QT_main_BWcorr,Haem.MCHC
Cardio.ECG.QTcorr_main_BWcorr,Haem.MCHC
Cardio.ECG.QTcorr_peak_BWcorr,Haem.MCHC
Diss.Brain.Weight_BWcorr,Haem.MCHC
Diss.Tail.Length_BWcorr,Haem.MCHC
EPM.ClosedArms.Distance_BWcorr,Haem.MCHC
EPM.ClosedArms.Time_BWcorr,Haem.MCHC
EPM.OpenArms.Distance_BWcorr,Haem.MCHC
EPM.OpenArms.Entries_BWcorr,Haem.MCHC
EPM.OpenArms.Time_BWcorr,Haem.MCHC
EPM.Total.Distance_BWcorr,Haem.MCHC
FACS.CD3posCD44negCD4CD8Ratio,Haem.MCHC
FACS.CD3posCD44posCD4CD8Ratio,Haem.MCHC
FACS.CD3posCD4CD8Ratio,Haem.MCHC
FACS.CD3posCD4pos,Haem.MCHC
FACS.CD3posCD4posCD44pos,Haem.MCHC
FACS.CD3posCD8pos,Haem.MCHC
FACS.CD3posCD8posCD44pos,Haem.MCHC
FACS.CD45posCD3negCD19pos,Haem.MCHC
FACS.CD45posCD3negDX5pos,Haem.MCHC
FACS.CD45posCD3posCD4pos,Haem.MCHC
FACS.CD45posCD3posCD8pos,Haem.MCHC
FC.Context.Freeze.Corrected,Haem.MCHC
FC.Training.UnconditionedFreeze.Corrected,Haem.MCHC
Haem.abs_lymphs,Haem.MCHC
Haem.abs_neuts,Haem.MCHC
Haem.CHCM,Haem.MCHC
Haem.HDW,Haem.MCHC
Haem.Large_PLT,Haem.MCHC
Haem.MCH,Haem.MCHC
Haem.MCHC,Haem.MCHC
Haem.MCV,Haem.MCHC
Haem.MONO_percent,Haem.MCHC
Haem.MPV,Haem.MCHC
Haem.PCT,Haem.MCHC
Haem.PLT,Haem.MCHC
Haem.RDW,Haem.MCHC
Haem.WBCP,Haem.MCHC
Hypoxia.f_Baseline_BWcorr,Haem.MCHC
Hypoxia.f_HVD_BWcorr,Haem.MCHC
Hypoxia.f_Off_response_BWcorr,Haem.MCHC
Hypoxia.f_SHR_BWcorr,Haem.MCHC
Hypoxia.f_Undershoot_BWcorr,Haem.MCHC
Hypoxia.MV_Baseline_BWcorr,Haem.MCHC
Hypoxia.MV_HVD_BWcorr,Haem.MCHC
Hypoxia.MV_NR_BWcorr,Haem.MCHC
Hypoxia.MV_Off_response_BWcorr,Haem.MCHC
Hypoxia.MV_SHR_BWcorr,Haem.MCHC
Hypoxia.MV_Undershoot_BWcorr,Haem.MCHC
Hypoxia.TV_AHR_BWcorr,Haem.MCHC
Hypoxia.TV_Baseline_BWcorr,Haem.MCHC
Hypoxia.TV_HVD_BWcorr,Haem.MCHC
Hypoxia.TV_NR_BWcorr,Haem.MCHC
Hypoxia.TV_Off_response_BWcorr,Haem.MCHC
Hypoxia.TV_SHR_BWcorr,Haem.MCHC
Hypoxia.TV_Undershoot_BWcorr,Haem.MCHC
Micronucleus.Mn.NCE,Haem.MCHC
Muscles.EDL.g_BWcorr,Haem.MCHC
Muscles.Gast.g_BWcorr,Haem.MCHC
Muscles.Plant.g_BWcorr,Haem.MCHC
Muscles.Sol.g_BWcorr,Haem.MCHC
Muscles.TA.g_BWcorr,Haem.MCHC
Neo.Latency_BWcorr,Haem.MCHC
Neuro.DCX_BWcorr,Haem.MCHC
Neuro.Ki67_BWcorr,Haem.MCHC
OFT.Arena.Distance,Haem.MCHC
OFT.Centre.Distance,Haem.MCHC
OFT.Centre.Entries,Haem.MCHC
OFT.Centre.Time,Haem.MCHC
OFT.Open.Distance,Haem.MCHC
OFT.Open.Time,Haem.MCHC
OFT.Periphery.Distance,Haem.MCHC
PAS.First5,Haem.MCHC
PAS.Last10,Haem.MCHC
PAS.Total_Activity,Haem.MCHC
PST.Immobility.First2min,Haem.MCHC
PST.Immobility.Last4min,Haem.MCHC
Sleep.Ampl_BWcorr,Haem.MCHC
Sleep.long_sleep.percent_total_BWcorr,Haem.MCHC
Sleep.longest_sleep.min_BWcorr,Haem.MCHC
Sleep.s12h_D_BWcorr,Haem.MCHC
Sleep.s12h_L_BWcorr,Haem.MCHC
Sleep.sDif_LD_BWcorr,Haem.MCHC
Sleep.short_sleep_BWcorr,Haem.MCHC
Sleep.VAR_1h_BWcorr,Haem.MCHC
Sleep.VAR_BWcorr,Haem.MCHC
SPPI.ln_pa_BWcorr,Haem.MCHC
SPPI.ln_pb_BWcorr,Haem.MCHC
SPPI.pc_average_pA_BWcorr,Haem.MCHC
SPPI.pc_average_pC_BWcorr,Haem.MCHC
SPPI.ppReactivity_BWcorr,Haem.MCHC
SPPI.pReactivity_BWcorr,Haem.MCHC
SPPI.slope_pA_BWcorr,Haem.MCHC
SPPI.slpPPI_average_BWcorr,Haem.MCHC
Tibia.Length_BWcorr,Haem.MCHC
Weight.Average,Haem.MCHC
Weight.BMI.body,Haem.MCHC
Weight.BMI.tibia,Haem.MCHC
Weight.Diss,Haem.MCHC
Weight.ECG,Haem.MCHC
Weight.Hypo,Haem.MCHC
Weight.Startle,Haem.MCHC
WH.Ears_Area,Haem.MCHC
