Adrenals.Adrenals_g_BWcorr,Muscles.Gast.g_BWcorr
Bioch.ALAT_BWcorr,Muscles.Gast.g_BWcorr
Bioch.Albumin_BWcorr,Muscles.Gast.g_BWcorr
Bioch.ALP_BWcorr,Muscles.Gast.g_BWcorr
Bioch.Amylase_BWcorr,Muscles.Gast.g_BWcorr
Bioch.Calcium_BWcorr,Muscles.Gast.g_BWcorr
Bioch.Chloride_BWcorr,Muscles.Gast.g_BWcorr
Bioch.CreatinineEnzymatic_BWcorr,Muscles.Gast.g_BWcorr
Bioch.FreeFattyAcid_BWcorr,Muscles.Gast.g_BWcorr
Bioch.Glucose_BWcorr,Muscles.Gast.g_BWcorr
Bioch.Glycerol_BWcorr,Muscles.Gast.g_BWcorr
Bioch.HDL_BWcorr,Muscles.Gast.g_BWcorr
Bioch.Iron_BWcorr,Muscles.Gast.g_BWcorr
Bioch.LDH_BWcorr,Muscles.Gast.g_BWcorr
Bioch.LDL_BWcorr,Muscles.Gast.g_BWcorr
Bioch.Tot.Billirubin_BWcorr,Muscles.Gast.g_BWcorr
Bioch.Tot.Cholesterol_BWcorr,Muscles.Gast.g_BWcorr
Bioch.Tot.Protein_BWcorr,Muscles.Gast.g_BWcorr
Bioch.Triglycerides_BWcorr,Muscles.Gast.g_BWcorr
Bioch.Urea_BWcorr,Muscles.Gast.g_BWcorr
BMC.Mean,Muscles.Gast.g_BWcorr
BMC.Median,Muscles.Gast.g_BWcorr
BMC.osteoporosis,Muscles.Gast.g_BWcorr
BMC.Perim,Muscles.Gast.g_BWcorr
BMC.StdDev,Muscles.Gast.g_BWcorr
Cardio.ECG.JT_Interval_BWcorr,Muscles.Gast.g_BWcorr
Cardio.ECG.PR_main_BWcorr,Muscles.Gast.g_BWcorr
Cardio.ECG.QT_main_BWcorr,Muscles.Gast.g_BWcorr
Cardio.ECG.QTcorr_main_BWcorr,Muscles.Gast.g_BWcorr
Cardio.ECG.QTcorr_peak_BWcorr,Muscles.Gast.g_BWcorr
Diss.Brain.Weight_BWcorr,Muscles.Gast.g_BWcorr
Diss.Tail.Length_BWcorr,Muscles.Gast.g_BWcorr
EPM.ClosedArms.Distance_BWcorr,Muscles.Gast.g_BWcorr
EPM.ClosedArms.Time_BWcorr,Muscles.Gast.g_BWcorr
EPM.OpenArms.Distance_BWcorr,Muscles.Gast.g_BWcorr
EPM.OpenArms.Entries_BWcorr,Muscles.Gast.g_BWcorr
EPM.OpenArms.Time_BWcorr,Muscles.Gast.g_BWcorr
EPM.Total.Distance_BWcorr,Muscles.Gast.g_BWcorr
FACS.CD3posCD44negCD4CD8Ratio,Muscles.Gast.g_BWcorr
FACS.CD3posCD44posCD4CD8Ratio,Muscles.Gast.g_BWcorr
FACS.CD3posCD4CD8Ratio,Muscles.Gast.g_BWcorr
FACS.CD3posCD4pos,Muscles.Gast.g_BWcorr
FACS.CD3posCD4posCD44pos,Muscles.Gast.g_BWcorr
FACS.CD3posCD8pos,Muscles.Gast.g_BWcorr
FACS.CD3posCD8posCD44pos,Muscles.Gast.g_BWcorr
FACS.CD45posCD3negCD19pos,Muscles.Gast.g_BWcorr
FACS.CD45posCD3negDX5pos,Muscles.Gast.g_BWcorr
FACS.CD45posCD3posCD4pos,Muscles.Gast.g_BWcorr
FACS.CD45posCD3posCD8pos,Muscles.Gast.g_BWcorr
FC.Context.Freeze.Corrected,Muscles.Gast.g_BWcorr
FC.Training.UnconditionedFreeze.Corrected,Muscles.Gast.g_BWcorr
Haem.abs_lymphs,Muscles.Gast.g_BWcorr
Haem.abs_neuts,Muscles.Gast.g_BWcorr
Haem.CHCM,Muscles.Gast.g_BWcorr
Haem.HDW,Muscles.Gast.g_BWcorr
Haem.Large_PLT,Muscles.Gast.g_BWcorr
Haem.MCH,Muscles.Gast.g_BWcorr
Haem.MCHC,Muscles.Gast.g_BWcorr
Haem.MCV,Muscles.Gast.g_BWcorr
Haem.MONO_percent,Muscles.Gast.g_BWcorr
Haem.MPV,Muscles.Gast.g_BWcorr
Haem.PCT,Muscles.Gast.g_BWcorr
Haem.PLT,Muscles.Gast.g_BWcorr
Haem.RDW,Muscles.Gast.g_BWcorr
Haem.WBCP,Muscles.Gast.g_BWcorr
Hypoxia.f_Baseline_BWcorr,Muscles.Gast.g_BWcorr
Hypoxia.f_HVD_BWcorr,Muscles.Gast.g_BWcorr
Hypoxia.f_Off_response_BWcorr,Muscles.Gast.g_BWcorr
Hypoxia.f_SHR_BWcorr,Muscles.Gast.g_BWcorr
Hypoxia.f_Undershoot_BWcorr,Muscles.Gast.g_BWcorr
Hypoxia.MV_Baseline_BWcorr,Muscles.Gast.g_BWcorr
Hypoxia.MV_HVD_BWcorr,Muscles.Gast.g_BWcorr
Hypoxia.MV_NR_BWcorr,Muscles.Gast.g_BWcorr
Hypoxia.MV_Off_response_BWcorr,Muscles.Gast.g_BWcorr
Hypoxia.MV_SHR_BWcorr,Muscles.Gast.g_BWcorr
Hypoxia.MV_Undershoot_BWcorr,Muscles.Gast.g_BWcorr
Hypoxia.TV_AHR_BWcorr,Muscles.Gast.g_BWcorr
Hypoxia.TV_Baseline_BWcorr,Muscles.Gast.g_BWcorr
Hypoxia.TV_HVD_BWcorr,Muscles.Gast.g_BWcorr
Hypoxia.TV_NR_BWcorr,Muscles.Gast.g_BWcorr
Hypoxia.TV_Off_response_BWcorr,Muscles.Gast.g_BWcorr
Hypoxia.TV_SHR_BWcorr,Muscles.Gast.g_BWcorr
Hypoxia.TV_Undershoot_BWcorr,Muscles.Gast.g_BWcorr
Micronucleus.Mn.NCE,Muscles.Gast.g_BWcorr
Muscles.EDL.g_BWcorr,Muscles.Gast.g_BWcorr
Muscles.Gast.g_BWcorr,Muscles.Gast.g_BWcorr
Muscles.Plant.g_BWcorr,Muscles.Gast.g_BWcorr
Muscles.Sol.g_BWcorr,Muscles.Gast.g_BWcorr
Muscles.TA.g_BWcorr,Muscles.Gast.g_BWcorr
Neo.Latency_BWcorr,Muscles.Gast.g_BWcorr
Neuro.DCX_BWcorr,Muscles.Gast.g_BWcorr
Neuro.Ki67_BWcorr,Muscles.Gast.g_BWcorr
OFT.Arena.Distance,Muscles.Gast.g_BWcorr
OFT.Centre.Distance,Muscles.Gast.g_BWcorr
OFT.Centre.Entries,Muscles.Gast.g_BWcorr
OFT.Centre.Time,Muscles.Gast.g_BWcorr
OFT.Open.Distance,Muscles.Gast.g_BWcorr
OFT.Open.Time,Muscles.Gast.g_BWcorr
OFT.Periphery.Distance,Muscles.Gast.g_BWcorr
PAS.First5,Muscles.Gast.g_BWcorr
PAS.Last10,Muscles.Gast.g_BWcorr
PAS.Total_Activity,Muscles.Gast.g_BWcorr
PST.Immobility.First2min,Muscles.Gast.g_BWcorr
PST.Immobility.Last4min,Muscles.Gast.g_BWcorr
Sleep.Ampl_BWcorr,Muscles.Gast.g_BWcorr
Sleep.long_sleep.percent_total_BWcorr,Muscles.Gast.g_BWcorr
Sleep.longest_sleep.min_BWcorr,Muscles.Gast.g_BWcorr
Sleep.s12h_D_BWcorr,Muscles.Gast.g_BWcorr
Sleep.s12h_L_BWcorr,Muscles.Gast.g_BWcorr
Sleep.sDif_LD_BWcorr,Muscles.Gast.g_BWcorr
Sleep.short_sleep_BWcorr,Muscles.Gast.g_BWcorr
Sleep.VAR_1h_BWcorr,Muscles.Gast.g_BWcorr
Sleep.VAR_BWcorr,Muscles.Gast.g_BWcorr
SPPI.ln_pa_BWcorr,Muscles.Gast.g_BWcorr
SPPI.ln_pb_BWcorr,Muscles.Gast.g_BWcorr
SPPI.pc_average_pA_BWcorr,Muscles.Gast.g_BWcorr
SPPI.pc_average_pC_BWcorr,Muscles.Gast.g_BWcorr
SPPI.ppReactivity_BWcorr,Muscles.Gast.g_BWcorr
SPPI.pReactivity_BWcorr,Muscles.Gast.g_BWcorr
SPPI.slope_pA_BWcorr,Muscles.Gast.g_BWcorr
SPPI.slpPPI_average_BWcorr,Muscles.Gast.g_BWcorr
Tibia.Length_BWcorr,Muscles.Gast.g_BWcorr
Weight.Average,Muscles.Gast.g_BWcorr
Weight.BMI.body,Muscles.Gast.g_BWcorr
Weight.BMI.tibia,Muscles.Gast.g_BWcorr
Weight.Diss,Muscles.Gast.g_BWcorr
Weight.ECG,Muscles.Gast.g_BWcorr
Weight.Hypo,Muscles.Gast.g_BWcorr
Weight.Startle,Muscles.Gast.g_BWcorr
WH.Ears_Area,Muscles.Gast.g_BWcorr
