Adrenals.Adrenals_g_BWcorr,Haem.CHCM
Bioch.ALAT_BWcorr,Haem.CHCM
Bioch.Albumin_BWcorr,Haem.CHCM
Bioch.ALP_BWcorr,Haem.CHCM
Bioch.Amylase_BWcorr,Haem.CHCM
Bioch.Calcium_BWcorr,Haem.CHCM
Bioch.Chloride_BWcorr,Haem.CHCM
Bioch.CreatinineEnzymatic_BWcorr,Haem.CHCM
Bioch.FreeFattyAcid_BWcorr,Haem.CHCM
Bioch.Glucose_BWcorr,Haem.CHCM
Bioch.Glycerol_BWcorr,Haem.CHCM
Bioch.HDL_BWcorr,Haem.CHCM
Bioch.Iron_BWcorr,Haem.CHCM
Bioch.LDH_BWcorr,Haem.CHCM
Bioch.LDL_BWcorr,Haem.CHCM
Bioch.Tot.Billirubin_BWcorr,Haem.CHCM
Bioch.Tot.Cholesterol_BWcorr,Haem.CHCM
Bioch.Tot.Protein_BWcorr,Haem.CHCM
Bioch.Triglycerides_BWcorr,Haem.CHCM
Bioch.Urea_BWcorr,Haem.CHCM
BMC.Mean,Haem.CHCM
BMC.Median,Haem.CHCM
BMC.osteoporosis,Haem.CHCM
BMC.Perim,Haem.CHCM
BMC.StdDev,Haem.CHCM
Cardio.ECG.JT_Interval_BWcorr,Haem.CHCM
Cardio.ECG.PR_main_BWcorr,Haem.CHCM
Cardio.ECG.QT_main_BWcorr,Haem.CHCM
Cardio.ECG.QTcorr_main_BWcorr,Haem.CHCM
Cardio.ECG.QTcorr_peak_BWcorr,Haem.CHCM
Diss.Brain.Weight_BWcorr,Haem.CHCM
Diss.Tail.Length_BWcorr,Haem.CHCM
EPM.ClosedArms.Distance_BWcorr,Haem.CHCM
EPM.ClosedArms.Time_BWcorr,Haem.CHCM
EPM.OpenArms.Distance_BWcorr,Haem.CHCM
EPM.OpenArms.Entries_BWcorr,Haem.CHCM
EPM.OpenArms.Time_BWcorr,Haem.CHCM
EPM.Total.Distance_BWcorr,Haem.CHCM
FACS.CD3posCD44negCD4CD8Ratio,Haem.CHCM
FACS.CD3posCD44posCD4CD8Ratio,Haem.CHCM
FACS.CD3posCD4CD8Ratio,Haem.CHCM
FACS.CD3posCD4pos,Haem.CHCM
FACS.CD3posCD4posCD44pos,Haem.CHCM
FACS.CD3posCD8pos,Haem.CHCM
FACS.CD3posCD8posCD44pos,Haem.CHCM
FACS.CD45posCD3negCD19pos,Haem.CHCM
FACS.CD45posCD3negDX5pos,Haem.CHCM
FACS.CD45posCD3posCD4pos,Haem.CHCM
FACS.CD45posCD3posCD8pos,Haem.CHCM
FC.Context.Freeze.Corrected,Haem.CHCM
FC.Training.UnconditionedFreeze.Corrected,Haem.CHCM
Haem.abs_lymphs,Haem.CHCM
Haem.abs_neuts,Haem.CHCM
Haem.CHCM,Haem.CHCM
Haem.HDW,Haem.CHCM
Haem.Large_PLT,Haem.CHCM
Haem.MCH,Haem.CHCM
Haem.MCHC,Haem.CHCM
Haem.MCV,Haem.CHCM
Haem.MONO_percent,Haem.CHCM
Haem.MPV,Haem.CHCM
Haem.PCT,Haem.CHCM
Haem.PLT,Haem.CHCM
Haem.RDW,Haem.CHCM
Haem.WBCP,Haem.CHCM
Hypoxia.f_Baseline_BWcorr,Haem.CHCM
Hypoxia.f_HVD_BWcorr,Haem.CHCM
Hypoxia.f_Off_response_BWcorr,Haem.CHCM
Hypoxia.f_SHR_BWcorr,Haem.CHCM
Hypoxia.f_Undershoot_BWcorr,Haem.CHCM
Hypoxia.MV_Baseline_BWcorr,Haem.CHCM
Hypoxia.MV_HVD_BWcorr,Haem.CHCM
Hypoxia.MV_NR_BWcorr,Haem.CHCM
Hypoxia.MV_Off_response_BWcorr,Haem.CHCM
Hypoxia.MV_SHR_BWcorr,Haem.CHCM
Hypoxia.MV_Undershoot_BWcorr,Haem.CHCM
Hypoxia.TV_AHR_BWcorr,Haem.CHCM
Hypoxia.TV_Baseline_BWcorr,Haem.CHCM
Hypoxia.TV_HVD_BWcorr,Haem.CHCM
Hypoxia.TV_NR_BWcorr,Haem.CHCM
Hypoxia.TV_Off_response_BWcorr,Haem.CHCM
Hypoxia.TV_SHR_BWcorr,Haem.CHCM
Hypoxia.TV_Undershoot_BWcorr,Haem.CHCM
Micronucleus.Mn.NCE,Haem.CHCM
Muscles.EDL.g_BWcorr,Haem.CHCM
Muscles.Gast.g_BWcorr,Haem.CHCM
Muscles.Plant.g_BWcorr,Haem.CHCM
Muscles.Sol.g_BWcorr,Haem.CHCM
Muscles.TA.g_BWcorr,Haem.CHCM
Neo.Latency_BWcorr,Haem.CHCM
Neuro.DCX_BWcorr,Haem.CHCM
Neuro.Ki67_BWcorr,Haem.CHCM
OFT.Arena.Distance,Haem.CHCM
OFT.Centre.Distance,Haem.CHCM
OFT.Centre.Entries,Haem.CHCM
OFT.Centre.Time,Haem.CHCM
OFT.Open.Distance,Haem.CHCM
OFT.Open.Time,Haem.CHCM
OFT.Periphery.Distance,Haem.CHCM
PAS.First5,Haem.CHCM
PAS.Last10,Haem.CHCM
PAS.Total_Activity,Haem.CHCM
PST.Immobility.First2min,Haem.CHCM
PST.Immobility.Last4min,Haem.CHCM
Sleep.Ampl_BWcorr,Haem.CHCM
Sleep.long_sleep.percent_total_BWcorr,Haem.CHCM
Sleep.longest_sleep.min_BWcorr,Haem.CHCM
Sleep.s12h_D_BWcorr,Haem.CHCM
Sleep.s12h_L_BWcorr,Haem.CHCM
Sleep.sDif_LD_BWcorr,Haem.CHCM
Sleep.short_sleep_BWcorr,Haem.CHCM
Sleep.VAR_1h_BWcorr,Haem.CHCM
Sleep.VAR_BWcorr,Haem.CHCM
SPPI.ln_pa_BWcorr,Haem.CHCM
SPPI.ln_pb_BWcorr,Haem.CHCM
SPPI.pc_average_pA_BWcorr,Haem.CHCM
SPPI.pc_average_pC_BWcorr,Haem.CHCM
SPPI.ppReactivity_BWcorr,Haem.CHCM
SPPI.pReactivity_BWcorr,Haem.CHCM
SPPI.slope_pA_BWcorr,Haem.CHCM
SPPI.slpPPI_average_BWcorr,Haem.CHCM
Tibia.Length_BWcorr,Haem.CHCM
Weight.Average,Haem.CHCM
Weight.BMI.body,Haem.CHCM
Weight.BMI.tibia,Haem.CHCM
Weight.Diss,Haem.CHCM
Weight.ECG,Haem.CHCM
Weight.Hypo,Haem.CHCM
Weight.Startle,Haem.CHCM
WH.Ears_Area,Haem.CHCM
