Adrenals.Adrenals_g_BWcorr,Bioch.ASAT_BWcorr
Bioch.ALAT_BWcorr,Bioch.ASAT_BWcorr
Bioch.Albumin_BWcorr,Bioch.ASAT_BWcorr
Bioch.ALP_BWcorr,Bioch.ASAT_BWcorr
Bioch.Amylase_BWcorr,Bioch.ASAT_BWcorr
Bioch.Calcium_BWcorr,Bioch.ASAT_BWcorr
Bioch.Chloride_BWcorr,Bioch.ASAT_BWcorr
Bioch.CreatinineEnzymatic_BWcorr,Bioch.ASAT_BWcorr
Bioch.FreeFattyAcid_BWcorr,Bioch.ASAT_BWcorr
Bioch.Glucose_BWcorr,Bioch.ASAT_BWcorr
Bioch.Glycerol_BWcorr,Bioch.ASAT_BWcorr
Bioch.HDL_BWcorr,Bioch.ASAT_BWcorr
Bioch.Iron_BWcorr,Bioch.ASAT_BWcorr
Bioch.LDH_BWcorr,Bioch.ASAT_BWcorr
Bioch.LDL_BWcorr,Bioch.ASAT_BWcorr
Bioch.Tot.Billirubin_BWcorr,Bioch.ASAT_BWcorr
Bioch.Tot.Cholesterol_BWcorr,Bioch.ASAT_BWcorr
Bioch.Tot.Protein_BWcorr,Bioch.ASAT_BWcorr
Bioch.Triglycerides_BWcorr,Bioch.ASAT_BWcorr
Bioch.Urea_BWcorr,Bioch.ASAT_BWcorr
BMC.Mean,Bioch.ASAT_BWcorr
BMC.Median,Bioch.ASAT_BWcorr
BMC.osteoporosis,Bioch.ASAT_BWcorr
BMC.Perim,Bioch.ASAT_BWcorr
BMC.StdDev,Bioch.ASAT_BWcorr
Cardio.ECG.JT_Interval_BWcorr,Bioch.ASAT_BWcorr
Cardio.ECG.PR_main_BWcorr,Bioch.ASAT_BWcorr
Cardio.ECG.QT_main_BWcorr,Bioch.ASAT_BWcorr
Cardio.ECG.QTcorr_main_BWcorr,Bioch.ASAT_BWcorr
Cardio.ECG.QTcorr_peak_BWcorr,Bioch.ASAT_BWcorr
Diss.Brain.Weight_BWcorr,Bioch.ASAT_BWcorr
Diss.Tail.Length_BWcorr,Bioch.ASAT_BWcorr
EPM.ClosedArms.Distance_BWcorr,Bioch.ASAT_BWcorr
EPM.ClosedArms.Time_BWcorr,Bioch.ASAT_BWcorr
EPM.OpenArms.Distance_BWcorr,Bioch.ASAT_BWcorr
EPM.OpenArms.Entries_BWcorr,Bioch.ASAT_BWcorr
EPM.OpenArms.Time_BWcorr,Bioch.ASAT_BWcorr
EPM.Total.Distance_BWcorr,Bioch.ASAT_BWcorr
FACS.CD3posCD44negCD4CD8Ratio,Bioch.ASAT_BWcorr
FACS.CD3posCD44posCD4CD8Ratio,Bioch.ASAT_BWcorr
FACS.CD3posCD4CD8Ratio,Bioch.ASAT_BWcorr
FACS.CD3posCD4pos,Bioch.ASAT_BWcorr
FACS.CD3posCD4posCD44pos,Bioch.ASAT_BWcorr
FACS.CD3posCD8pos,Bioch.ASAT_BWcorr
FACS.CD3posCD8posCD44pos,Bioch.ASAT_BWcorr
FACS.CD45posCD3negCD19pos,Bioch.ASAT_BWcorr
FACS.CD45posCD3negDX5pos,Bioch.ASAT_BWcorr
FACS.CD45posCD3posCD4pos,Bioch.ASAT_BWcorr
FACS.CD45posCD3posCD8pos,Bioch.ASAT_BWcorr
FC.Context.Freeze.Corrected,Bioch.ASAT_BWcorr
FC.Training.UnconditionedFreeze.Corrected,Bioch.ASAT_BWcorr
Haem.abs_lymphs,Bioch.ASAT_BWcorr
Haem.abs_neuts,Bioch.ASAT_BWcorr
Haem.CHCM,Bioch.ASAT_BWcorr
Haem.HDW,Bioch.ASAT_BWcorr
Haem.Large_PLT,Bioch.ASAT_BWcorr
Haem.MCH,Bioch.ASAT_BWcorr
Haem.MCHC,Bioch.ASAT_BWcorr
Haem.MCV,Bioch.ASAT_BWcorr
Haem.MONO_percent,Bioch.ASAT_BWcorr
Haem.MPV,Bioch.ASAT_BWcorr
Haem.PCT,Bioch.ASAT_BWcorr
Haem.PLT,Bioch.ASAT_BWcorr
Haem.RDW,Bioch.ASAT_BWcorr
Haem.WBCP,Bioch.ASAT_BWcorr
Hypoxia.f_Baseline_BWcorr,Bioch.ASAT_BWcorr
Hypoxia.f_HVD_BWcorr,Bioch.ASAT_BWcorr
Hypoxia.f_Off_response_BWcorr,Bioch.ASAT_BWcorr
Hypoxia.f_SHR_BWcorr,Bioch.ASAT_BWcorr
Hypoxia.f_Undershoot_BWcorr,Bioch.ASAT_BWcorr
Hypoxia.MV_Baseline_BWcorr,Bioch.ASAT_BWcorr
Hypoxia.MV_HVD_BWcorr,Bioch.ASAT_BWcorr
Hypoxia.MV_NR_BWcorr,Bioch.ASAT_BWcorr
Hypoxia.MV_Off_response_BWcorr,Bioch.ASAT_BWcorr
Hypoxia.MV_SHR_BWcorr,Bioch.ASAT_BWcorr
Hypoxia.MV_Undershoot_BWcorr,Bioch.ASAT_BWcorr
Hypoxia.TV_AHR_BWcorr,Bioch.ASAT_BWcorr
Hypoxia.TV_Baseline_BWcorr,Bioch.ASAT_BWcorr
Hypoxia.TV_HVD_BWcorr,Bioch.ASAT_BWcorr
Hypoxia.TV_NR_BWcorr,Bioch.ASAT_BWcorr
Hypoxia.TV_Off_response_BWcorr,Bioch.ASAT_BWcorr
Hypoxia.TV_SHR_BWcorr,Bioch.ASAT_BWcorr
Hypoxia.TV_Undershoot_BWcorr,Bioch.ASAT_BWcorr
Micronucleus.Mn.NCE,Bioch.ASAT_BWcorr
Muscles.EDL.g_BWcorr,Bioch.ASAT_BWcorr
Muscles.Gast.g_BWcorr,Bioch.ASAT_BWcorr
Muscles.Plant.g_BWcorr,Bioch.ASAT_BWcorr
Muscles.Sol.g_BWcorr,Bioch.ASAT_BWcorr
Muscles.TA.g_BWcorr,Bioch.ASAT_BWcorr
Neo.Latency_BWcorr,Bioch.ASAT_BWcorr
Neuro.DCX_BWcorr,Bioch.ASAT_BWcorr
Neuro.Ki67_BWcorr,Bioch.ASAT_BWcorr
OFT.Arena.Distance,Bioch.ASAT_BWcorr
OFT.Centre.Distance,Bioch.ASAT_BWcorr
OFT.Centre.Entries,Bioch.ASAT_BWcorr
OFT.Centre.Time,Bioch.ASAT_BWcorr
OFT.Open.Distance,Bioch.ASAT_BWcorr
OFT.Open.Time,Bioch.ASAT_BWcorr
OFT.Periphery.Distance,Bioch.ASAT_BWcorr
PAS.First5,Bioch.ASAT_BWcorr
PAS.Last10,Bioch.ASAT_BWcorr
PAS.Total_Activity,Bioch.ASAT_BWcorr
PST.Immobility.First2min,Bioch.ASAT_BWcorr
PST.Immobility.Last4min,Bioch.ASAT_BWcorr
Sleep.Ampl_BWcorr,Bioch.ASAT_BWcorr
Sleep.long_sleep.percent_total_BWcorr,Bioch.ASAT_BWcorr
Sleep.longest_sleep.min_BWcorr,Bioch.ASAT_BWcorr
Sleep.s12h_D_BWcorr,Bioch.ASAT_BWcorr
Sleep.s12h_L_BWcorr,Bioch.ASAT_BWcorr
Sleep.sDif_LD_BWcorr,Bioch.ASAT_BWcorr
Sleep.short_sleep_BWcorr,Bioch.ASAT_BWcorr
Sleep.VAR_1h_BWcorr,Bioch.ASAT_BWcorr
Sleep.VAR_BWcorr,Bioch.ASAT_BWcorr
SPPI.ln_pa_BWcorr,Bioch.ASAT_BWcorr
SPPI.ln_pb_BWcorr,Bioch.ASAT_BWcorr
SPPI.pc_average_pA_BWcorr,Bioch.ASAT_BWcorr
SPPI.pc_average_pC_BWcorr,Bioch.ASAT_BWcorr
SPPI.ppReactivity_BWcorr,Bioch.ASAT_BWcorr
SPPI.pReactivity_BWcorr,Bioch.ASAT_BWcorr
SPPI.slope_pA_BWcorr,Bioch.ASAT_BWcorr
SPPI.slpPPI_average_BWcorr,Bioch.ASAT_BWcorr
Tibia.Length_BWcorr,Bioch.ASAT_BWcorr
Weight.Average,Bioch.ASAT_BWcorr
Weight.BMI.body,Bioch.ASAT_BWcorr
Weight.BMI.tibia,Bioch.ASAT_BWcorr
Weight.Diss,Bioch.ASAT_BWcorr
Weight.ECG,Bioch.ASAT_BWcorr
Weight.Hypo,Bioch.ASAT_BWcorr
Weight.Startle,Bioch.ASAT_BWcorr
WH.Ears_Area,Bioch.ASAT_BWcorr
