Adrenals.Adrenals_g_BWcorr,Hypoxia.TV_SHR_BWcorr
Bioch.ALAT_BWcorr,Hypoxia.TV_SHR_BWcorr
Bioch.Albumin_BWcorr,Hypoxia.TV_SHR_BWcorr
Bioch.ALP_BWcorr,Hypoxia.TV_SHR_BWcorr
Bioch.Amylase_BWcorr,Hypoxia.TV_SHR_BWcorr
Bioch.Calcium_BWcorr,Hypoxia.TV_SHR_BWcorr
Bioch.Chloride_BWcorr,Hypoxia.TV_SHR_BWcorr
Bioch.CreatinineEnzymatic_BWcorr,Hypoxia.TV_SHR_BWcorr
Bioch.FreeFattyAcid_BWcorr,Hypoxia.TV_SHR_BWcorr
Bioch.Glucose_BWcorr,Hypoxia.TV_SHR_BWcorr
Bioch.Glycerol_BWcorr,Hypoxia.TV_SHR_BWcorr
Bioch.HDL_BWcorr,Hypoxia.TV_SHR_BWcorr
Bioch.Iron_BWcorr,Hypoxia.TV_SHR_BWcorr
Bioch.LDH_BWcorr,Hypoxia.TV_SHR_BWcorr
Bioch.LDL_BWcorr,Hypoxia.TV_SHR_BWcorr
Bioch.Tot.Billirubin_BWcorr,Hypoxia.TV_SHR_BWcorr
Bioch.Tot.Cholesterol_BWcorr,Hypoxia.TV_SHR_BWcorr
Bioch.Tot.Protein_BWcorr,Hypoxia.TV_SHR_BWcorr
Bioch.Triglycerides_BWcorr,Hypoxia.TV_SHR_BWcorr
Bioch.Urea_BWcorr,Hypoxia.TV_SHR_BWcorr
BMC.Mean,Hypoxia.TV_SHR_BWcorr
BMC.Median,Hypoxia.TV_SHR_BWcorr
BMC.osteoporosis,Hypoxia.TV_SHR_BWcorr
BMC.Perim,Hypoxia.TV_SHR_BWcorr
BMC.StdDev,Hypoxia.TV_SHR_BWcorr
Cardio.ECG.JT_Interval_BWcorr,Hypoxia.TV_SHR_BWcorr
Cardio.ECG.PR_main_BWcorr,Hypoxia.TV_SHR_BWcorr
Cardio.ECG.QT_main_BWcorr,Hypoxia.TV_SHR_BWcorr
Cardio.ECG.QTcorr_main_BWcorr,Hypoxia.TV_SHR_BWcorr
Cardio.ECG.QTcorr_peak_BWcorr,Hypoxia.TV_SHR_BWcorr
Diss.Brain.Weight_BWcorr,Hypoxia.TV_SHR_BWcorr
Diss.Tail.Length_BWcorr,Hypoxia.TV_SHR_BWcorr
EPM.ClosedArms.Distance_BWcorr,Hypoxia.TV_SHR_BWcorr
EPM.ClosedArms.Time_BWcorr,Hypoxia.TV_SHR_BWcorr
EPM.OpenArms.Distance_BWcorr,Hypoxia.TV_SHR_BWcorr
EPM.OpenArms.Entries_BWcorr,Hypoxia.TV_SHR_BWcorr
EPM.OpenArms.Time_BWcorr,Hypoxia.TV_SHR_BWcorr
EPM.Total.Distance_BWcorr,Hypoxia.TV_SHR_BWcorr
FACS.CD3posCD44negCD4CD8Ratio,Hypoxia.TV_SHR_BWcorr
FACS.CD3posCD44posCD4CD8Ratio,Hypoxia.TV_SHR_BWcorr
FACS.CD3posCD4CD8Ratio,Hypoxia.TV_SHR_BWcorr
FACS.CD3posCD4pos,Hypoxia.TV_SHR_BWcorr
FACS.CD3posCD4posCD44pos,Hypoxia.TV_SHR_BWcorr
FACS.CD3posCD8pos,Hypoxia.TV_SHR_BWcorr
FACS.CD3posCD8posCD44pos,Hypoxia.TV_SHR_BWcorr
FACS.CD45posCD3negCD19pos,Hypoxia.TV_SHR_BWcorr
FACS.CD45posCD3negDX5pos,Hypoxia.TV_SHR_BWcorr
FACS.CD45posCD3posCD4pos,Hypoxia.TV_SHR_BWcorr
FACS.CD45posCD3posCD8pos,Hypoxia.TV_SHR_BWcorr
FC.Context.Freeze.Corrected,Hypoxia.TV_SHR_BWcorr
FC.Training.UnconditionedFreeze.Corrected,Hypoxia.TV_SHR_BWcorr
Haem.abs_lymphs,Hypoxia.TV_SHR_BWcorr
Haem.abs_neuts,Hypoxia.TV_SHR_BWcorr
Haem.CHCM,Hypoxia.TV_SHR_BWcorr
Haem.HDW,Hypoxia.TV_SHR_BWcorr
Haem.Large_PLT,Hypoxia.TV_SHR_BWcorr
Haem.MCH,Hypoxia.TV_SHR_BWcorr
Haem.MCHC,Hypoxia.TV_SHR_BWcorr
Haem.MCV,Hypoxia.TV_SHR_BWcorr
Haem.MONO_percent,Hypoxia.TV_SHR_BWcorr
Haem.MPV,Hypoxia.TV_SHR_BWcorr
Haem.PCT,Hypoxia.TV_SHR_BWcorr
Haem.PLT,Hypoxia.TV_SHR_BWcorr
Haem.RDW,Hypoxia.TV_SHR_BWcorr
Haem.WBCP,Hypoxia.TV_SHR_BWcorr
Hypoxia.f_Baseline_BWcorr,Hypoxia.TV_SHR_BWcorr
Hypoxia.f_HVD_BWcorr,Hypoxia.TV_SHR_BWcorr
Hypoxia.f_Off_response_BWcorr,Hypoxia.TV_SHR_BWcorr
Hypoxia.f_SHR_BWcorr,Hypoxia.TV_SHR_BWcorr
Hypoxia.f_Undershoot_BWcorr,Hypoxia.TV_SHR_BWcorr
Hypoxia.MV_Baseline_BWcorr,Hypoxia.TV_SHR_BWcorr
Hypoxia.MV_HVD_BWcorr,Hypoxia.TV_SHR_BWcorr
Hypoxia.MV_NR_BWcorr,Hypoxia.TV_SHR_BWcorr
Hypoxia.MV_Off_response_BWcorr,Hypoxia.TV_SHR_BWcorr
Hypoxia.MV_SHR_BWcorr,Hypoxia.TV_SHR_BWcorr
Hypoxia.MV_Undershoot_BWcorr,Hypoxia.TV_SHR_BWcorr
Hypoxia.TV_AHR_BWcorr,Hypoxia.TV_SHR_BWcorr
Hypoxia.TV_Baseline_BWcorr,Hypoxia.TV_SHR_BWcorr
Hypoxia.TV_HVD_BWcorr,Hypoxia.TV_SHR_BWcorr
Hypoxia.TV_NR_BWcorr,Hypoxia.TV_SHR_BWcorr
Hypoxia.TV_Off_response_BWcorr,Hypoxia.TV_SHR_BWcorr
Hypoxia.TV_SHR_BWcorr,Hypoxia.TV_SHR_BWcorr
Hypoxia.TV_Undershoot_BWcorr,Hypoxia.TV_SHR_BWcorr
Micronucleus.Mn.NCE,Hypoxia.TV_SHR_BWcorr
Muscles.EDL.g_BWcorr,Hypoxia.TV_SHR_BWcorr
Muscles.Gast.g_BWcorr,Hypoxia.TV_SHR_BWcorr
Muscles.Plant.g_BWcorr,Hypoxia.TV_SHR_BWcorr
Muscles.Sol.g_BWcorr,Hypoxia.TV_SHR_BWcorr
Muscles.TA.g_BWcorr,Hypoxia.TV_SHR_BWcorr
Neo.Latency_BWcorr,Hypoxia.TV_SHR_BWcorr
Neuro.DCX_BWcorr,Hypoxia.TV_SHR_BWcorr
Neuro.Ki67_BWcorr,Hypoxia.TV_SHR_BWcorr
OFT.Arena.Distance,Hypoxia.TV_SHR_BWcorr
OFT.Centre.Distance,Hypoxia.TV_SHR_BWcorr
OFT.Centre.Entries,Hypoxia.TV_SHR_BWcorr
OFT.Centre.Time,Hypoxia.TV_SHR_BWcorr
OFT.Open.Distance,Hypoxia.TV_SHR_BWcorr
OFT.Open.Time,Hypoxia.TV_SHR_BWcorr
OFT.Periphery.Distance,Hypoxia.TV_SHR_BWcorr
PAS.First5,Hypoxia.TV_SHR_BWcorr
PAS.Last10,Hypoxia.TV_SHR_BWcorr
PAS.Total_Activity,Hypoxia.TV_SHR_BWcorr
PST.Immobility.First2min,Hypoxia.TV_SHR_BWcorr
PST.Immobility.Last4min,Hypoxia.TV_SHR_BWcorr
Sleep.Ampl_BWcorr,Hypoxia.TV_SHR_BWcorr
Sleep.long_sleep.percent_total_BWcorr,Hypoxia.TV_SHR_BWcorr
Sleep.longest_sleep.min_BWcorr,Hypoxia.TV_SHR_BWcorr
Sleep.s12h_D_BWcorr,Hypoxia.TV_SHR_BWcorr
Sleep.s12h_L_BWcorr,Hypoxia.TV_SHR_BWcorr
Sleep.sDif_LD_BWcorr,Hypoxia.TV_SHR_BWcorr
Sleep.short_sleep_BWcorr,Hypoxia.TV_SHR_BWcorr
Sleep.VAR_1h_BWcorr,Hypoxia.TV_SHR_BWcorr
Sleep.VAR_BWcorr,Hypoxia.TV_SHR_BWcorr
SPPI.ln_pa_BWcorr,Hypoxia.TV_SHR_BWcorr
SPPI.ln_pb_BWcorr,Hypoxia.TV_SHR_BWcorr
SPPI.pc_average_pA_BWcorr,Hypoxia.TV_SHR_BWcorr
SPPI.pc_average_pC_BWcorr,Hypoxia.TV_SHR_BWcorr
SPPI.ppReactivity_BWcorr,Hypoxia.TV_SHR_BWcorr
SPPI.pReactivity_BWcorr,Hypoxia.TV_SHR_BWcorr
SPPI.slope_pA_BWcorr,Hypoxia.TV_SHR_BWcorr
SPPI.slpPPI_average_BWcorr,Hypoxia.TV_SHR_BWcorr
Tibia.Length_BWcorr,Hypoxia.TV_SHR_BWcorr
Weight.Average,Hypoxia.TV_SHR_BWcorr
Weight.BMI.body,Hypoxia.TV_SHR_BWcorr
Weight.BMI.tibia,Hypoxia.TV_SHR_BWcorr
Weight.Diss,Hypoxia.TV_SHR_BWcorr
Weight.ECG,Hypoxia.TV_SHR_BWcorr
Weight.Hypo,Hypoxia.TV_SHR_BWcorr
Weight.Startle,Hypoxia.TV_SHR_BWcorr
WH.Ears_Area,Hypoxia.TV_SHR_BWcorr
