Adrenals.Adrenals_g_BWcorr,Haem.Large_PLT
Bioch.ALAT_BWcorr,Haem.Large_PLT
Bioch.Albumin_BWcorr,Haem.Large_PLT
Bioch.ALP_BWcorr,Haem.Large_PLT
Bioch.Amylase_BWcorr,Haem.Large_PLT
Bioch.Calcium_BWcorr,Haem.Large_PLT
Bioch.Chloride_BWcorr,Haem.Large_PLT
Bioch.CreatinineEnzymatic_BWcorr,Haem.Large_PLT
Bioch.FreeFattyAcid_BWcorr,Haem.Large_PLT
Bioch.Glucose_BWcorr,Haem.Large_PLT
Bioch.Glycerol_BWcorr,Haem.Large_PLT
Bioch.HDL_BWcorr,Haem.Large_PLT
Bioch.Iron_BWcorr,Haem.Large_PLT
Bioch.LDH_BWcorr,Haem.Large_PLT
Bioch.LDL_BWcorr,Haem.Large_PLT
Bioch.Tot.Billirubin_BWcorr,Haem.Large_PLT
Bioch.Tot.Cholesterol_BWcorr,Haem.Large_PLT
Bioch.Tot.Protein_BWcorr,Haem.Large_PLT
Bioch.Triglycerides_BWcorr,Haem.Large_PLT
Bioch.Urea_BWcorr,Haem.Large_PLT
BMC.Mean,Haem.Large_PLT
BMC.Median,Haem.Large_PLT
BMC.osteoporosis,Haem.Large_PLT
BMC.Perim,Haem.Large_PLT
BMC.StdDev,Haem.Large_PLT
Cardio.ECG.JT_Interval_BWcorr,Haem.Large_PLT
Cardio.ECG.PR_main_BWcorr,Haem.Large_PLT
Cardio.ECG.QT_main_BWcorr,Haem.Large_PLT
Cardio.ECG.QTcorr_main_BWcorr,Haem.Large_PLT
Cardio.ECG.QTcorr_peak_BWcorr,Haem.Large_PLT
Diss.Brain.Weight_BWcorr,Haem.Large_PLT
Diss.Tail.Length_BWcorr,Haem.Large_PLT
EPM.ClosedArms.Distance_BWcorr,Haem.Large_PLT
EPM.ClosedArms.Time_BWcorr,Haem.Large_PLT
EPM.OpenArms.Distance_BWcorr,Haem.Large_PLT
EPM.OpenArms.Entries_BWcorr,Haem.Large_PLT
EPM.OpenArms.Time_BWcorr,Haem.Large_PLT
EPM.Total.Distance_BWcorr,Haem.Large_PLT
FACS.CD3posCD44negCD4CD8Ratio,Haem.Large_PLT
FACS.CD3posCD44posCD4CD8Ratio,Haem.Large_PLT
FACS.CD3posCD4CD8Ratio,Haem.Large_PLT
FACS.CD3posCD4pos,Haem.Large_PLT
FACS.CD3posCD4posCD44pos,Haem.Large_PLT
FACS.CD3posCD8pos,Haem.Large_PLT
FACS.CD3posCD8posCD44pos,Haem.Large_PLT
FACS.CD45posCD3negCD19pos,Haem.Large_PLT
FACS.CD45posCD3negDX5pos,Haem.Large_PLT
FACS.CD45posCD3posCD4pos,Haem.Large_PLT
FACS.CD45posCD3posCD8pos,Haem.Large_PLT
FC.Context.Freeze.Corrected,Haem.Large_PLT
FC.Training.UnconditionedFreeze.Corrected,Haem.Large_PLT
Haem.abs_lymphs,Haem.Large_PLT
Haem.abs_neuts,Haem.Large_PLT
Haem.CHCM,Haem.Large_PLT
Haem.HDW,Haem.Large_PLT
Haem.Large_PLT,Haem.Large_PLT
Haem.MCH,Haem.Large_PLT
Haem.MCHC,Haem.Large_PLT
Haem.MCV,Haem.Large_PLT
Haem.MONO_percent,Haem.Large_PLT
Haem.MPV,Haem.Large_PLT
Haem.PCT,Haem.Large_PLT
Haem.PLT,Haem.Large_PLT
Haem.RDW,Haem.Large_PLT
Haem.WBCP,Haem.Large_PLT
Hypoxia.f_Baseline_BWcorr,Haem.Large_PLT
Hypoxia.f_HVD_BWcorr,Haem.Large_PLT
Hypoxia.f_Off_response_BWcorr,Haem.Large_PLT
Hypoxia.f_SHR_BWcorr,Haem.Large_PLT
Hypoxia.f_Undershoot_BWcorr,Haem.Large_PLT
Hypoxia.MV_Baseline_BWcorr,Haem.Large_PLT
Hypoxia.MV_HVD_BWcorr,Haem.Large_PLT
Hypoxia.MV_NR_BWcorr,Haem.Large_PLT
Hypoxia.MV_Off_response_BWcorr,Haem.Large_PLT
Hypoxia.MV_SHR_BWcorr,Haem.Large_PLT
Hypoxia.MV_Undershoot_BWcorr,Haem.Large_PLT
Hypoxia.TV_AHR_BWcorr,Haem.Large_PLT
Hypoxia.TV_Baseline_BWcorr,Haem.Large_PLT
Hypoxia.TV_HVD_BWcorr,Haem.Large_PLT
Hypoxia.TV_NR_BWcorr,Haem.Large_PLT
Hypoxia.TV_Off_response_BWcorr,Haem.Large_PLT
Hypoxia.TV_SHR_BWcorr,Haem.Large_PLT
Hypoxia.TV_Undershoot_BWcorr,Haem.Large_PLT
Micronucleus.Mn.NCE,Haem.Large_PLT
Muscles.EDL.g_BWcorr,Haem.Large_PLT
Muscles.Gast.g_BWcorr,Haem.Large_PLT
Muscles.Plant.g_BWcorr,Haem.Large_PLT
Muscles.Sol.g_BWcorr,Haem.Large_PLT
Muscles.TA.g_BWcorr,Haem.Large_PLT
Neo.Latency_BWcorr,Haem.Large_PLT
Neuro.DCX_BWcorr,Haem.Large_PLT
Neuro.Ki67_BWcorr,Haem.Large_PLT
OFT.Arena.Distance,Haem.Large_PLT
OFT.Centre.Distance,Haem.Large_PLT
OFT.Centre.Entries,Haem.Large_PLT
OFT.Centre.Time,Haem.Large_PLT
OFT.Open.Distance,Haem.Large_PLT
OFT.Open.Time,Haem.Large_PLT
OFT.Periphery.Distance,Haem.Large_PLT
PAS.First5,Haem.Large_PLT
PAS.Last10,Haem.Large_PLT
PAS.Total_Activity,Haem.Large_PLT
PST.Immobility.First2min,Haem.Large_PLT
PST.Immobility.Last4min,Haem.Large_PLT
Sleep.Ampl_BWcorr,Haem.Large_PLT
Sleep.long_sleep.percent_total_BWcorr,Haem.Large_PLT
Sleep.longest_sleep.min_BWcorr,Haem.Large_PLT
Sleep.s12h_D_BWcorr,Haem.Large_PLT
Sleep.s12h_L_BWcorr,Haem.Large_PLT
Sleep.sDif_LD_BWcorr,Haem.Large_PLT
Sleep.short_sleep_BWcorr,Haem.Large_PLT
Sleep.VAR_1h_BWcorr,Haem.Large_PLT
Sleep.VAR_BWcorr,Haem.Large_PLT
SPPI.ln_pa_BWcorr,Haem.Large_PLT
SPPI.ln_pb_BWcorr,Haem.Large_PLT
SPPI.pc_average_pA_BWcorr,Haem.Large_PLT
SPPI.pc_average_pC_BWcorr,Haem.Large_PLT
SPPI.ppReactivity_BWcorr,Haem.Large_PLT
SPPI.pReactivity_BWcorr,Haem.Large_PLT
SPPI.slope_pA_BWcorr,Haem.Large_PLT
SPPI.slpPPI_average_BWcorr,Haem.Large_PLT
Tibia.Length_BWcorr,Haem.Large_PLT
Weight.Average,Haem.Large_PLT
Weight.BMI.body,Haem.Large_PLT
Weight.BMI.tibia,Haem.Large_PLT
Weight.Diss,Haem.Large_PLT
Weight.ECG,Haem.Large_PLT
Weight.Hypo,Haem.Large_PLT
Weight.Startle,Haem.Large_PLT
WH.Ears_Area,Haem.Large_PLT
