Adrenals.Adrenals_g_BWcorr,PST.Immobility.Last4min
Bioch.ALAT_BWcorr,PST.Immobility.Last4min
Bioch.Albumin_BWcorr,PST.Immobility.Last4min
Bioch.ALP_BWcorr,PST.Immobility.Last4min
Bioch.Amylase_BWcorr,PST.Immobility.Last4min
Bioch.Calcium_BWcorr,PST.Immobility.Last4min
Bioch.Chloride_BWcorr,PST.Immobility.Last4min
Bioch.CreatinineEnzymatic_BWcorr,PST.Immobility.Last4min
Bioch.FreeFattyAcid_BWcorr,PST.Immobility.Last4min
Bioch.Glucose_BWcorr,PST.Immobility.Last4min
Bioch.Glycerol_BWcorr,PST.Immobility.Last4min
Bioch.HDL_BWcorr,PST.Immobility.Last4min
Bioch.Iron_BWcorr,PST.Immobility.Last4min
Bioch.LDH_BWcorr,PST.Immobility.Last4min
Bioch.LDL_BWcorr,PST.Immobility.Last4min
Bioch.Tot.Billirubin_BWcorr,PST.Immobility.Last4min
Bioch.Tot.Cholesterol_BWcorr,PST.Immobility.Last4min
Bioch.Tot.Protein_BWcorr,PST.Immobility.Last4min
Bioch.Triglycerides_BWcorr,PST.Immobility.Last4min
Bioch.Urea_BWcorr,PST.Immobility.Last4min
BMC.Mean,PST.Immobility.Last4min
BMC.Median,PST.Immobility.Last4min
BMC.osteoporosis,PST.Immobility.Last4min
BMC.Perim,PST.Immobility.Last4min
BMC.StdDev,PST.Immobility.Last4min
Cardio.ECG.JT_Interval_BWcorr,PST.Immobility.Last4min
Cardio.ECG.PR_main_BWcorr,PST.Immobility.Last4min
Cardio.ECG.QT_main_BWcorr,PST.Immobility.Last4min
Cardio.ECG.QTcorr_main_BWcorr,PST.Immobility.Last4min
Cardio.ECG.QTcorr_peak_BWcorr,PST.Immobility.Last4min
Diss.Brain.Weight_BWcorr,PST.Immobility.Last4min
Diss.Tail.Length_BWcorr,PST.Immobility.Last4min
EPM.ClosedArms.Distance_BWcorr,PST.Immobility.Last4min
EPM.ClosedArms.Time_BWcorr,PST.Immobility.Last4min
EPM.OpenArms.Distance_BWcorr,PST.Immobility.Last4min
EPM.OpenArms.Entries_BWcorr,PST.Immobility.Last4min
EPM.OpenArms.Time_BWcorr,PST.Immobility.Last4min
EPM.Total.Distance_BWcorr,PST.Immobility.Last4min
FACS.CD3posCD44negCD4CD8Ratio,PST.Immobility.Last4min
FACS.CD3posCD44posCD4CD8Ratio,PST.Immobility.Last4min
FACS.CD3posCD4CD8Ratio,PST.Immobility.Last4min
FACS.CD3posCD4pos,PST.Immobility.Last4min
FACS.CD3posCD4posCD44pos,PST.Immobility.Last4min
FACS.CD3posCD8pos,PST.Immobility.Last4min
FACS.CD3posCD8posCD44pos,PST.Immobility.Last4min
FACS.CD45posCD3negCD19pos,PST.Immobility.Last4min
FACS.CD45posCD3negDX5pos,PST.Immobility.Last4min
FACS.CD45posCD3posCD4pos,PST.Immobility.Last4min
FACS.CD45posCD3posCD8pos,PST.Immobility.Last4min
FC.Context.Freeze.Corrected,PST.Immobility.Last4min
FC.Training.UnconditionedFreeze.Corrected,PST.Immobility.Last4min
Haem.abs_lymphs,PST.Immobility.Last4min
Haem.abs_neuts,PST.Immobility.Last4min
Haem.CHCM,PST.Immobility.Last4min
Haem.HDW,PST.Immobility.Last4min
Haem.Large_PLT,PST.Immobility.Last4min
Haem.MCH,PST.Immobility.Last4min
Haem.MCHC,PST.Immobility.Last4min
Haem.MCV,PST.Immobility.Last4min
Haem.MONO_percent,PST.Immobility.Last4min
Haem.MPV,PST.Immobility.Last4min
Haem.PCT,PST.Immobility.Last4min
Haem.PLT,PST.Immobility.Last4min
Haem.RDW,PST.Immobility.Last4min
Haem.WBCP,PST.Immobility.Last4min
Hypoxia.f_Baseline_BWcorr,PST.Immobility.Last4min
Hypoxia.f_HVD_BWcorr,PST.Immobility.Last4min
Hypoxia.f_Off_response_BWcorr,PST.Immobility.Last4min
Hypoxia.f_SHR_BWcorr,PST.Immobility.Last4min
Hypoxia.f_Undershoot_BWcorr,PST.Immobility.Last4min
Hypoxia.MV_Baseline_BWcorr,PST.Immobility.Last4min
Hypoxia.MV_HVD_BWcorr,PST.Immobility.Last4min
Hypoxia.MV_NR_BWcorr,PST.Immobility.Last4min
Hypoxia.MV_Off_response_BWcorr,PST.Immobility.Last4min
Hypoxia.MV_SHR_BWcorr,PST.Immobility.Last4min
Hypoxia.MV_Undershoot_BWcorr,PST.Immobility.Last4min
Hypoxia.TV_AHR_BWcorr,PST.Immobility.Last4min
Hypoxia.TV_Baseline_BWcorr,PST.Immobility.Last4min
Hypoxia.TV_HVD_BWcorr,PST.Immobility.Last4min
Hypoxia.TV_NR_BWcorr,PST.Immobility.Last4min
Hypoxia.TV_Off_response_BWcorr,PST.Immobility.Last4min
Hypoxia.TV_SHR_BWcorr,PST.Immobility.Last4min
Hypoxia.TV_Undershoot_BWcorr,PST.Immobility.Last4min
Micronucleus.Mn.NCE,PST.Immobility.Last4min
Muscles.EDL.g_BWcorr,PST.Immobility.Last4min
Muscles.Gast.g_BWcorr,PST.Immobility.Last4min
Muscles.Plant.g_BWcorr,PST.Immobility.Last4min
Muscles.Sol.g_BWcorr,PST.Immobility.Last4min
Muscles.TA.g_BWcorr,PST.Immobility.Last4min
Neo.Latency_BWcorr,PST.Immobility.Last4min
Neuro.DCX_BWcorr,PST.Immobility.Last4min
Neuro.Ki67_BWcorr,PST.Immobility.Last4min
OFT.Arena.Distance,PST.Immobility.Last4min
OFT.Centre.Distance,PST.Immobility.Last4min
OFT.Centre.Entries,PST.Immobility.Last4min
OFT.Centre.Time,PST.Immobility.Last4min
OFT.Open.Distance,PST.Immobility.Last4min
OFT.Open.Time,PST.Immobility.Last4min
OFT.Periphery.Distance,PST.Immobility.Last4min
PAS.First5,PST.Immobility.Last4min
PAS.Last10,PST.Immobility.Last4min
PAS.Total_Activity,PST.Immobility.Last4min
PST.Immobility.First2min,PST.Immobility.Last4min
PST.Immobility.Last4min,PST.Immobility.Last4min
Sleep.Ampl_BWcorr,PST.Immobility.Last4min
Sleep.long_sleep.percent_total_BWcorr,PST.Immobility.Last4min
Sleep.longest_sleep.min_BWcorr,PST.Immobility.Last4min
Sleep.s12h_D_BWcorr,PST.Immobility.Last4min
Sleep.s12h_L_BWcorr,PST.Immobility.Last4min
Sleep.sDif_LD_BWcorr,PST.Immobility.Last4min
Sleep.short_sleep_BWcorr,PST.Immobility.Last4min
Sleep.VAR_1h_BWcorr,PST.Immobility.Last4min
Sleep.VAR_BWcorr,PST.Immobility.Last4min
SPPI.ln_pa_BWcorr,PST.Immobility.Last4min
SPPI.ln_pb_BWcorr,PST.Immobility.Last4min
SPPI.pc_average_pA_BWcorr,PST.Immobility.Last4min
SPPI.pc_average_pC_BWcorr,PST.Immobility.Last4min
SPPI.ppReactivity_BWcorr,PST.Immobility.Last4min
SPPI.pReactivity_BWcorr,PST.Immobility.Last4min
SPPI.slope_pA_BWcorr,PST.Immobility.Last4min
SPPI.slpPPI_average_BWcorr,PST.Immobility.Last4min
Tibia.Length_BWcorr,PST.Immobility.Last4min
Weight.Average,PST.Immobility.Last4min
Weight.BMI.body,PST.Immobility.Last4min
Weight.BMI.tibia,PST.Immobility.Last4min
Weight.Diss,PST.Immobility.Last4min
Weight.ECG,PST.Immobility.Last4min
Weight.Hypo,PST.Immobility.Last4min
Weight.Startle,PST.Immobility.Last4min
WH.Ears_Area,PST.Immobility.Last4min
