AdrenalMeanWeight,Biochem.Creatinine
AUC.IRI.AUC.G,Biochem.Creatinine
Biochem.ALP,Biochem.Creatinine
Biochem.Calcium,Biochem.Creatinine
Biochem.Glucose,Biochem.Creatinine
Biochem.HDL,Biochem.Creatinine
Biochem.LDL,Biochem.Creatinine
Biochem.Phosphorous,Biochem.Creatinine
Biochem.Tot.Cholesterol,Biochem.Creatinine
Biochem.Triglycerides,Biochem.Creatinine
Biochem.Urea,Biochem.Creatinine
BurrowedPelletWeight,Biochem.Creatinine
CD4Count,Biochem.Creatinine
CD8Count,Biochem.Creatinine
Context.Mean.Freeze,Biochem.Creatinine
Cue.Mean.Freeze.Corrected.During,Biochem.Creatinine
Cue.Mean.Freeze.Post,Biochem.Creatinine
DIRI.DG,Biochem.Creatinine
EarHoleMeanArea,Biochem.Creatinine
EPM.ClosedArmDistance,Biochem.Creatinine
EPM.ClosedArmEntries,Biochem.Creatinine
EPM.ClosedArmTime,Biochem.Creatinine
EPM.JunctionDistance,Biochem.Creatinine
EPM.JunctionEntries,Biochem.Creatinine
EPM.JunctionTime,Biochem.Creatinine
EPM.OpenArmDistance,Biochem.Creatinine
EPM.OpenArmEntries,Biochem.Creatinine
EPM.OpenArmTime,Biochem.Creatinine
FaecalSteroidFemales,Biochem.Creatinine
FaecalSteroid,Biochem.Creatinine
FN.PctWtLoss,Biochem.Creatinine
FN.postWeight,Biochem.Creatinine
FN.preWeight,Biochem.Creatinine
FPS.Bang.Increase,Biochem.Creatinine
FPS.Bang.Tone.Increase,Biochem.Creatinine
FPS.Pre.Bang.Mean,Biochem.Creatinine
FPS.Pre.Bang.Tone.Mean,Biochem.Creatinine
Glucose_0,Biochem.Creatinine
Glucose_15,Biochem.Creatinine
Glucose_30,Biochem.Creatinine
Glucose_75,Biochem.Creatinine
Glucose.AUC,Biochem.Creatinine
Glucose.Delta,Biochem.Creatinine
Glucose.Slope,Biochem.Creatinine
Glucose.Weight,Biochem.Creatinine
Haem.HGB,Biochem.Creatinine
Haem.LYMabs,Biochem.Creatinine
Haem.MCHC,Biochem.Creatinine
Haem.MCH,Biochem.Creatinine
Haem.MCV,Biochem.Creatinine
Haem.MPV,Biochem.Creatinine
Haem.NEUabs,Biochem.Creatinine
Haem.PCT,Biochem.Creatinine
Haem.PLT,Biochem.Creatinine
Haem.RBC,Biochem.Creatinine
Haem.RDW,Biochem.Creatinine
Haem.WBC,Biochem.Creatinine
Imm.BCell.size,Biochem.Creatinine
Imm.CD4CD8Ratio,Biochem.Creatinine
Imm.CD4inCD3XGeoMean,Biochem.Creatinine
Imm.CD8inCD3YGeoMean,Biochem.Creatinine
Imm.PctB220,Biochem.Creatinine
Imm.PctCD3,Biochem.Creatinine
Imm.PctCD4inCD3,Biochem.Creatinine
Imm.PctCD4,Biochem.Creatinine
Imm.PctCD8inCD3,Biochem.Creatinine
Imm.PctCD8,Biochem.Creatinine
Imm.PctNKTAndOutliers,Biochem.Creatinine
Insulin.15,Biochem.Creatinine
Insulin.30,Biochem.Creatinine
Insulin.75,Biochem.Creatinine
Insulin.AUC,Biochem.Creatinine
Insulin.Delta,Biochem.Creatinine
KI67,Biochem.Creatinine
Obesity.BMI,Biochem.Creatinine
Obesity.BodyLength,Biochem.Creatinine
OFT.Boli,Biochem.Creatinine
OFT.CenterTime,Biochem.Creatinine
OFT.TotalActivity,Biochem.Creatinine
PAS.Ambulatory1,Biochem.Creatinine
PAS.Ambulatory6,Biochem.Creatinine
PAS.TotalAmbulatory,Biochem.Creatinine
PAS.TotalFine,Biochem.Creatinine
Pleth.base.BreathFrequency,Biochem.Creatinine
Pleth.base.EnhancedPause,Biochem.Creatinine
Pleth.base.ExpiratoryTime,Biochem.Creatinine
Pleth.base.InspiratoryTime,Biochem.Creatinine
Pleth.base.MinuteVolume,Biochem.Creatinine
Pleth.base.TidalVolume,Biochem.Creatinine
Pleth.EnhancedDiff,Biochem.Creatinine
Pleth.meta.BreathFrequency,Biochem.Creatinine
Pleth.meta.EnhancedPause,Biochem.Creatinine
Pleth.meta.ExpiratoryTime,Biochem.Creatinine
Pleth.meta.InspiratoryTime,Biochem.Creatinine
Pleth.meta.MinuteVolume,Biochem.Creatinine
Pleth.meta.TidalVolume,Biochem.Creatinine
Pleth.Weight,Biochem.Creatinine
Start.Weight,Biochem.Creatinine
StressSteroid,Biochem.Creatinine
Weight.GrowthSlope,Biochem.Creatinine
