AdrenalMeanWeight,CD4Count
AUC.IRI.AUC.G,CD4Count
Biochem.ALP,CD4Count
Biochem.Calcium,CD4Count
Biochem.Glucose,CD4Count
Biochem.HDL,CD4Count
Biochem.LDL,CD4Count
Biochem.Phosphorous,CD4Count
Biochem.Tot.Cholesterol,CD4Count
Biochem.Triglycerides,CD4Count
Biochem.Urea,CD4Count
BurrowedPelletWeight,CD4Count
CD4Count,CD4Count
CD8Count,CD4Count
Context.Mean.Freeze,CD4Count
Cue.Mean.Freeze.Corrected.During,CD4Count
Cue.Mean.Freeze.Post,CD4Count
DIRI.DG,CD4Count
EarHoleMeanArea,CD4Count
EPM.ClosedArmDistance,CD4Count
EPM.ClosedArmEntries,CD4Count
EPM.ClosedArmTime,CD4Count
EPM.JunctionDistance,CD4Count
EPM.JunctionEntries,CD4Count
EPM.JunctionTime,CD4Count
EPM.OpenArmDistance,CD4Count
EPM.OpenArmEntries,CD4Count
EPM.OpenArmTime,CD4Count
FaecalSteroidFemales,CD4Count
FaecalSteroid,CD4Count
FN.PctWtLoss,CD4Count
FN.postWeight,CD4Count
FN.preWeight,CD4Count
FPS.Bang.Increase,CD4Count
FPS.Bang.Tone.Increase,CD4Count
FPS.Pre.Bang.Mean,CD4Count
FPS.Pre.Bang.Tone.Mean,CD4Count
Glucose_0,CD4Count
Glucose_15,CD4Count
Glucose_30,CD4Count
Glucose_75,CD4Count
Glucose.AUC,CD4Count
Glucose.Delta,CD4Count
Glucose.Slope,CD4Count
Glucose.Weight,CD4Count
Haem.HGB,CD4Count
Haem.LYMabs,CD4Count
Haem.MCHC,CD4Count
Haem.MCH,CD4Count
Haem.MCV,CD4Count
Haem.MPV,CD4Count
Haem.NEUabs,CD4Count
Haem.PCT,CD4Count
Haem.PLT,CD4Count
Haem.RBC,CD4Count
Haem.RDW,CD4Count
Haem.WBC,CD4Count
Imm.BCell.size,CD4Count
Imm.CD4CD8Ratio,CD4Count
Imm.CD4inCD3XGeoMean,CD4Count
Imm.CD8inCD3YGeoMean,CD4Count
Imm.PctB220,CD4Count
Imm.PctCD3,CD4Count
Imm.PctCD4inCD3,CD4Count
Imm.PctCD4,CD4Count
Imm.PctCD8inCD3,CD4Count
Imm.PctCD8,CD4Count
Imm.PctNKTAndOutliers,CD4Count
Insulin.15,CD4Count
Insulin.30,CD4Count
Insulin.75,CD4Count
Insulin.AUC,CD4Count
Insulin.Delta,CD4Count
KI67,CD4Count
Obesity.BMI,CD4Count
Obesity.BodyLength,CD4Count
OFT.Boli,CD4Count
OFT.CenterTime,CD4Count
OFT.TotalActivity,CD4Count
PAS.Ambulatory1,CD4Count
PAS.Ambulatory6,CD4Count
PAS.TotalAmbulatory,CD4Count
PAS.TotalFine,CD4Count
Pleth.base.BreathFrequency,CD4Count
Pleth.base.EnhancedPause,CD4Count
Pleth.base.ExpiratoryTime,CD4Count
Pleth.base.InspiratoryTime,CD4Count
Pleth.base.MinuteVolume,CD4Count
Pleth.base.TidalVolume,CD4Count
Pleth.EnhancedDiff,CD4Count
Pleth.meta.BreathFrequency,CD4Count
Pleth.meta.EnhancedPause,CD4Count
Pleth.meta.ExpiratoryTime,CD4Count
Pleth.meta.InspiratoryTime,CD4Count
Pleth.meta.MinuteVolume,CD4Count
Pleth.meta.TidalVolume,CD4Count
Pleth.Weight,CD4Count
Start.Weight,CD4Count
StressSteroid,CD4Count
Weight.GrowthSlope,CD4Count
