AdrenalMeanWeight,Biochem.Glucose
AUC.IRI.AUC.G,Biochem.Glucose
Biochem.ALP,Biochem.Glucose
Biochem.Calcium,Biochem.Glucose
Biochem.Glucose,Biochem.Glucose
Biochem.HDL,Biochem.Glucose
Biochem.LDL,Biochem.Glucose
Biochem.Phosphorous,Biochem.Glucose
Biochem.Tot.Cholesterol,Biochem.Glucose
Biochem.Triglycerides,Biochem.Glucose
Biochem.Urea,Biochem.Glucose
BurrowedPelletWeight,Biochem.Glucose
CD4Count,Biochem.Glucose
CD8Count,Biochem.Glucose
Context.Mean.Freeze,Biochem.Glucose
Cue.Mean.Freeze.Corrected.During,Biochem.Glucose
Cue.Mean.Freeze.Post,Biochem.Glucose
DIRI.DG,Biochem.Glucose
EarHoleMeanArea,Biochem.Glucose
EPM.ClosedArmDistance,Biochem.Glucose
EPM.ClosedArmEntries,Biochem.Glucose
EPM.ClosedArmTime,Biochem.Glucose
EPM.JunctionDistance,Biochem.Glucose
EPM.JunctionEntries,Biochem.Glucose
EPM.JunctionTime,Biochem.Glucose
EPM.OpenArmDistance,Biochem.Glucose
EPM.OpenArmEntries,Biochem.Glucose
EPM.OpenArmTime,Biochem.Glucose
FaecalSteroidFemales,Biochem.Glucose
FaecalSteroid,Biochem.Glucose
FN.PctWtLoss,Biochem.Glucose
FN.postWeight,Biochem.Glucose
FN.preWeight,Biochem.Glucose
FPS.Bang.Increase,Biochem.Glucose
FPS.Bang.Tone.Increase,Biochem.Glucose
FPS.Pre.Bang.Mean,Biochem.Glucose
FPS.Pre.Bang.Tone.Mean,Biochem.Glucose
Glucose_0,Biochem.Glucose
Glucose_15,Biochem.Glucose
Glucose_30,Biochem.Glucose
Glucose_75,Biochem.Glucose
Glucose.AUC,Biochem.Glucose
Glucose.Delta,Biochem.Glucose
Glucose.Slope,Biochem.Glucose
Glucose.Weight,Biochem.Glucose
Haem.HGB,Biochem.Glucose
Haem.LYMabs,Biochem.Glucose
Haem.MCHC,Biochem.Glucose
Haem.MCH,Biochem.Glucose
Haem.MCV,Biochem.Glucose
Haem.MPV,Biochem.Glucose
Haem.NEUabs,Biochem.Glucose
Haem.PCT,Biochem.Glucose
Haem.PLT,Biochem.Glucose
Haem.RBC,Biochem.Glucose
Haem.RDW,Biochem.Glucose
Haem.WBC,Biochem.Glucose
Imm.BCell.size,Biochem.Glucose
Imm.CD4CD8Ratio,Biochem.Glucose
Imm.CD4inCD3XGeoMean,Biochem.Glucose
Imm.CD8inCD3YGeoMean,Biochem.Glucose
Imm.PctB220,Biochem.Glucose
Imm.PctCD3,Biochem.Glucose
Imm.PctCD4inCD3,Biochem.Glucose
Imm.PctCD4,Biochem.Glucose
Imm.PctCD8inCD3,Biochem.Glucose
Imm.PctCD8,Biochem.Glucose
Imm.PctNKTAndOutliers,Biochem.Glucose
Insulin.15,Biochem.Glucose
Insulin.30,Biochem.Glucose
Insulin.75,Biochem.Glucose
Insulin.AUC,Biochem.Glucose
Insulin.Delta,Biochem.Glucose
KI67,Biochem.Glucose
Obesity.BMI,Biochem.Glucose
Obesity.BodyLength,Biochem.Glucose
OFT.Boli,Biochem.Glucose
OFT.CenterTime,Biochem.Glucose
OFT.TotalActivity,Biochem.Glucose
PAS.Ambulatory1,Biochem.Glucose
PAS.Ambulatory6,Biochem.Glucose
PAS.TotalAmbulatory,Biochem.Glucose
PAS.TotalFine,Biochem.Glucose
Pleth.base.BreathFrequency,Biochem.Glucose
Pleth.base.EnhancedPause,Biochem.Glucose
Pleth.base.ExpiratoryTime,Biochem.Glucose
Pleth.base.InspiratoryTime,Biochem.Glucose
Pleth.base.MinuteVolume,Biochem.Glucose
Pleth.base.TidalVolume,Biochem.Glucose
Pleth.EnhancedDiff,Biochem.Glucose
Pleth.meta.BreathFrequency,Biochem.Glucose
Pleth.meta.EnhancedPause,Biochem.Glucose
Pleth.meta.ExpiratoryTime,Biochem.Glucose
Pleth.meta.InspiratoryTime,Biochem.Glucose
Pleth.meta.MinuteVolume,Biochem.Glucose
Pleth.meta.TidalVolume,Biochem.Glucose
Pleth.Weight,Biochem.Glucose
Start.Weight,Biochem.Glucose
StressSteroid,Biochem.Glucose
Weight.GrowthSlope,Biochem.Glucose
