AdrenalMeanWeight,FN.preWeight
AUC.IRI.AUC.G,FN.preWeight
Biochem.ALP,FN.preWeight
Biochem.Calcium,FN.preWeight
Biochem.Glucose,FN.preWeight
Biochem.HDL,FN.preWeight
Biochem.LDL,FN.preWeight
Biochem.Phosphorous,FN.preWeight
Biochem.Tot.Cholesterol,FN.preWeight
Biochem.Triglycerides,FN.preWeight
Biochem.Urea,FN.preWeight
BurrowedPelletWeight,FN.preWeight
CD4Count,FN.preWeight
CD8Count,FN.preWeight
Context.Mean.Freeze,FN.preWeight
Cue.Mean.Freeze.Corrected.During,FN.preWeight
Cue.Mean.Freeze.Post,FN.preWeight
DIRI.DG,FN.preWeight
EarHoleMeanArea,FN.preWeight
EPM.ClosedArmDistance,FN.preWeight
EPM.ClosedArmEntries,FN.preWeight
EPM.ClosedArmTime,FN.preWeight
EPM.JunctionDistance,FN.preWeight
EPM.JunctionEntries,FN.preWeight
EPM.JunctionTime,FN.preWeight
EPM.OpenArmDistance,FN.preWeight
EPM.OpenArmEntries,FN.preWeight
EPM.OpenArmTime,FN.preWeight
FaecalSteroidFemales,FN.preWeight
FaecalSteroid,FN.preWeight
FN.PctWtLoss,FN.preWeight
FN.postWeight,FN.preWeight
FN.preWeight,FN.preWeight
FPS.Bang.Increase,FN.preWeight
FPS.Bang.Tone.Increase,FN.preWeight
FPS.Pre.Bang.Mean,FN.preWeight
FPS.Pre.Bang.Tone.Mean,FN.preWeight
Glucose_0,FN.preWeight
Glucose_15,FN.preWeight
Glucose_30,FN.preWeight
Glucose_75,FN.preWeight
Glucose.AUC,FN.preWeight
Glucose.Delta,FN.preWeight
Glucose.Slope,FN.preWeight
Glucose.Weight,FN.preWeight
Haem.HGB,FN.preWeight
Haem.LYMabs,FN.preWeight
Haem.MCHC,FN.preWeight
Haem.MCH,FN.preWeight
Haem.MCV,FN.preWeight
Haem.MPV,FN.preWeight
Haem.NEUabs,FN.preWeight
Haem.PCT,FN.preWeight
Haem.PLT,FN.preWeight
Haem.RBC,FN.preWeight
Haem.RDW,FN.preWeight
Haem.WBC,FN.preWeight
Imm.BCell.size,FN.preWeight
Imm.CD4CD8Ratio,FN.preWeight
Imm.CD4inCD3XGeoMean,FN.preWeight
Imm.CD8inCD3YGeoMean,FN.preWeight
Imm.PctB220,FN.preWeight
Imm.PctCD3,FN.preWeight
Imm.PctCD4inCD3,FN.preWeight
Imm.PctCD4,FN.preWeight
Imm.PctCD8inCD3,FN.preWeight
Imm.PctCD8,FN.preWeight
Imm.PctNKTAndOutliers,FN.preWeight
Insulin.15,FN.preWeight
Insulin.30,FN.preWeight
Insulin.75,FN.preWeight
Insulin.AUC,FN.preWeight
Insulin.Delta,FN.preWeight
KI67,FN.preWeight
Obesity.BMI,FN.preWeight
Obesity.BodyLength,FN.preWeight
OFT.Boli,FN.preWeight
OFT.CenterTime,FN.preWeight
OFT.TotalActivity,FN.preWeight
PAS.Ambulatory1,FN.preWeight
PAS.Ambulatory6,FN.preWeight
PAS.TotalAmbulatory,FN.preWeight
PAS.TotalFine,FN.preWeight
Pleth.base.BreathFrequency,FN.preWeight
Pleth.base.EnhancedPause,FN.preWeight
Pleth.base.ExpiratoryTime,FN.preWeight
Pleth.base.InspiratoryTime,FN.preWeight
Pleth.base.MinuteVolume,FN.preWeight
Pleth.base.TidalVolume,FN.preWeight
Pleth.EnhancedDiff,FN.preWeight
Pleth.meta.BreathFrequency,FN.preWeight
Pleth.meta.EnhancedPause,FN.preWeight
Pleth.meta.ExpiratoryTime,FN.preWeight
Pleth.meta.InspiratoryTime,FN.preWeight
Pleth.meta.MinuteVolume,FN.preWeight
Pleth.meta.TidalVolume,FN.preWeight
Pleth.Weight,FN.preWeight
Start.Weight,FN.preWeight
StressSteroid,FN.preWeight
Weight.GrowthSlope,FN.preWeight
