AdrenalMeanWeight,Cue.Mean.Freeze.Corrected.During
AUC.IRI.AUC.G,Cue.Mean.Freeze.Corrected.During
Biochem.ALP,Cue.Mean.Freeze.Corrected.During
Biochem.Calcium,Cue.Mean.Freeze.Corrected.During
Biochem.Glucose,Cue.Mean.Freeze.Corrected.During
Biochem.HDL,Cue.Mean.Freeze.Corrected.During
Biochem.LDL,Cue.Mean.Freeze.Corrected.During
Biochem.Phosphorous,Cue.Mean.Freeze.Corrected.During
Biochem.Tot.Cholesterol,Cue.Mean.Freeze.Corrected.During
Biochem.Triglycerides,Cue.Mean.Freeze.Corrected.During
Biochem.Urea,Cue.Mean.Freeze.Corrected.During
BurrowedPelletWeight,Cue.Mean.Freeze.Corrected.During
CD4Count,Cue.Mean.Freeze.Corrected.During
CD8Count,Cue.Mean.Freeze.Corrected.During
Context.Mean.Freeze,Cue.Mean.Freeze.Corrected.During
Cue.Mean.Freeze.Corrected.During,Cue.Mean.Freeze.Corrected.During
Cue.Mean.Freeze.Post,Cue.Mean.Freeze.Corrected.During
DIRI.DG,Cue.Mean.Freeze.Corrected.During
EarHoleMeanArea,Cue.Mean.Freeze.Corrected.During
EPM.ClosedArmDistance,Cue.Mean.Freeze.Corrected.During
EPM.ClosedArmEntries,Cue.Mean.Freeze.Corrected.During
EPM.ClosedArmTime,Cue.Mean.Freeze.Corrected.During
EPM.JunctionDistance,Cue.Mean.Freeze.Corrected.During
EPM.JunctionEntries,Cue.Mean.Freeze.Corrected.During
EPM.JunctionTime,Cue.Mean.Freeze.Corrected.During
EPM.OpenArmDistance,Cue.Mean.Freeze.Corrected.During
EPM.OpenArmEntries,Cue.Mean.Freeze.Corrected.During
EPM.OpenArmTime,Cue.Mean.Freeze.Corrected.During
FaecalSteroidFemales,Cue.Mean.Freeze.Corrected.During
FaecalSteroid,Cue.Mean.Freeze.Corrected.During
FN.PctWtLoss,Cue.Mean.Freeze.Corrected.During
FN.postWeight,Cue.Mean.Freeze.Corrected.During
FN.preWeight,Cue.Mean.Freeze.Corrected.During
FPS.Bang.Increase,Cue.Mean.Freeze.Corrected.During
FPS.Bang.Tone.Increase,Cue.Mean.Freeze.Corrected.During
FPS.Pre.Bang.Mean,Cue.Mean.Freeze.Corrected.During
FPS.Pre.Bang.Tone.Mean,Cue.Mean.Freeze.Corrected.During
Glucose_0,Cue.Mean.Freeze.Corrected.During
Glucose_15,Cue.Mean.Freeze.Corrected.During
Glucose_30,Cue.Mean.Freeze.Corrected.During
Glucose_75,Cue.Mean.Freeze.Corrected.During
Glucose.AUC,Cue.Mean.Freeze.Corrected.During
Glucose.Delta,Cue.Mean.Freeze.Corrected.During
Glucose.Slope,Cue.Mean.Freeze.Corrected.During
Glucose.Weight,Cue.Mean.Freeze.Corrected.During
Haem.HGB,Cue.Mean.Freeze.Corrected.During
Haem.LYMabs,Cue.Mean.Freeze.Corrected.During
Haem.MCHC,Cue.Mean.Freeze.Corrected.During
Haem.MCH,Cue.Mean.Freeze.Corrected.During
Haem.MCV,Cue.Mean.Freeze.Corrected.During
Haem.MPV,Cue.Mean.Freeze.Corrected.During
Haem.NEUabs,Cue.Mean.Freeze.Corrected.During
Haem.PCT,Cue.Mean.Freeze.Corrected.During
Haem.PLT,Cue.Mean.Freeze.Corrected.During
Haem.RBC,Cue.Mean.Freeze.Corrected.During
Haem.RDW,Cue.Mean.Freeze.Corrected.During
Haem.WBC,Cue.Mean.Freeze.Corrected.During
Imm.BCell.size,Cue.Mean.Freeze.Corrected.During
Imm.CD4CD8Ratio,Cue.Mean.Freeze.Corrected.During
Imm.CD4inCD3XGeoMean,Cue.Mean.Freeze.Corrected.During
Imm.CD8inCD3YGeoMean,Cue.Mean.Freeze.Corrected.During
Imm.PctB220,Cue.Mean.Freeze.Corrected.During
Imm.PctCD3,Cue.Mean.Freeze.Corrected.During
Imm.PctCD4inCD3,Cue.Mean.Freeze.Corrected.During
Imm.PctCD4,Cue.Mean.Freeze.Corrected.During
Imm.PctCD8inCD3,Cue.Mean.Freeze.Corrected.During
Imm.PctCD8,Cue.Mean.Freeze.Corrected.During
Imm.PctNKTAndOutliers,Cue.Mean.Freeze.Corrected.During
Insulin.15,Cue.Mean.Freeze.Corrected.During
Insulin.30,Cue.Mean.Freeze.Corrected.During
Insulin.75,Cue.Mean.Freeze.Corrected.During
Insulin.AUC,Cue.Mean.Freeze.Corrected.During
Insulin.Delta,Cue.Mean.Freeze.Corrected.During
KI67,Cue.Mean.Freeze.Corrected.During
Obesity.BMI,Cue.Mean.Freeze.Corrected.During
Obesity.BodyLength,Cue.Mean.Freeze.Corrected.During
OFT.Boli,Cue.Mean.Freeze.Corrected.During
OFT.CenterTime,Cue.Mean.Freeze.Corrected.During
OFT.TotalActivity,Cue.Mean.Freeze.Corrected.During
PAS.Ambulatory1,Cue.Mean.Freeze.Corrected.During
PAS.Ambulatory6,Cue.Mean.Freeze.Corrected.During
PAS.TotalAmbulatory,Cue.Mean.Freeze.Corrected.During
PAS.TotalFine,Cue.Mean.Freeze.Corrected.During
Pleth.base.BreathFrequency,Cue.Mean.Freeze.Corrected.During
Pleth.base.EnhancedPause,Cue.Mean.Freeze.Corrected.During
Pleth.base.ExpiratoryTime,Cue.Mean.Freeze.Corrected.During
Pleth.base.InspiratoryTime,Cue.Mean.Freeze.Corrected.During
Pleth.base.MinuteVolume,Cue.Mean.Freeze.Corrected.During
Pleth.base.TidalVolume,Cue.Mean.Freeze.Corrected.During
Pleth.EnhancedDiff,Cue.Mean.Freeze.Corrected.During
Pleth.meta.BreathFrequency,Cue.Mean.Freeze.Corrected.During
Pleth.meta.EnhancedPause,Cue.Mean.Freeze.Corrected.During
Pleth.meta.ExpiratoryTime,Cue.Mean.Freeze.Corrected.During
Pleth.meta.InspiratoryTime,Cue.Mean.Freeze.Corrected.During
Pleth.meta.MinuteVolume,Cue.Mean.Freeze.Corrected.During
Pleth.meta.TidalVolume,Cue.Mean.Freeze.Corrected.During
Pleth.Weight,Cue.Mean.Freeze.Corrected.During
Start.Weight,Cue.Mean.Freeze.Corrected.During
StressSteroid,Cue.Mean.Freeze.Corrected.During
Weight.GrowthSlope,Cue.Mean.Freeze.Corrected.During
