AdrenalMeanWeight,Imm.PctB220
AUC.IRI.AUC.G,Imm.PctB220
Biochem.ALP,Imm.PctB220
Biochem.Calcium,Imm.PctB220
Biochem.Glucose,Imm.PctB220
Biochem.HDL,Imm.PctB220
Biochem.LDL,Imm.PctB220
Biochem.Phosphorous,Imm.PctB220
Biochem.Tot.Cholesterol,Imm.PctB220
Biochem.Triglycerides,Imm.PctB220
Biochem.Urea,Imm.PctB220
BurrowedPelletWeight,Imm.PctB220
CD4Count,Imm.PctB220
CD8Count,Imm.PctB220
Context.Mean.Freeze,Imm.PctB220
Cue.Mean.Freeze.Corrected.During,Imm.PctB220
Cue.Mean.Freeze.Post,Imm.PctB220
DIRI.DG,Imm.PctB220
EarHoleMeanArea,Imm.PctB220
EPM.ClosedArmDistance,Imm.PctB220
EPM.ClosedArmEntries,Imm.PctB220
EPM.ClosedArmTime,Imm.PctB220
EPM.JunctionDistance,Imm.PctB220
EPM.JunctionEntries,Imm.PctB220
EPM.JunctionTime,Imm.PctB220
EPM.OpenArmDistance,Imm.PctB220
EPM.OpenArmEntries,Imm.PctB220
EPM.OpenArmTime,Imm.PctB220
FaecalSteroidFemales,Imm.PctB220
FaecalSteroid,Imm.PctB220
FN.PctWtLoss,Imm.PctB220
FN.postWeight,Imm.PctB220
FN.preWeight,Imm.PctB220
FPS.Bang.Increase,Imm.PctB220
FPS.Bang.Tone.Increase,Imm.PctB220
FPS.Pre.Bang.Mean,Imm.PctB220
FPS.Pre.Bang.Tone.Mean,Imm.PctB220
Glucose_0,Imm.PctB220
Glucose_15,Imm.PctB220
Glucose_30,Imm.PctB220
Glucose_75,Imm.PctB220
Glucose.AUC,Imm.PctB220
Glucose.Delta,Imm.PctB220
Glucose.Slope,Imm.PctB220
Glucose.Weight,Imm.PctB220
Haem.HGB,Imm.PctB220
Haem.LYMabs,Imm.PctB220
Haem.MCHC,Imm.PctB220
Haem.MCH,Imm.PctB220
Haem.MCV,Imm.PctB220
Haem.MPV,Imm.PctB220
Haem.NEUabs,Imm.PctB220
Haem.PCT,Imm.PctB220
Haem.PLT,Imm.PctB220
Haem.RBC,Imm.PctB220
Haem.RDW,Imm.PctB220
Haem.WBC,Imm.PctB220
Imm.BCell.size,Imm.PctB220
Imm.CD4CD8Ratio,Imm.PctB220
Imm.CD4inCD3XGeoMean,Imm.PctB220
Imm.CD8inCD3YGeoMean,Imm.PctB220
Imm.PctB220,Imm.PctB220
Imm.PctCD3,Imm.PctB220
Imm.PctCD4inCD3,Imm.PctB220
Imm.PctCD4,Imm.PctB220
Imm.PctCD8inCD3,Imm.PctB220
Imm.PctCD8,Imm.PctB220
Imm.PctNKTAndOutliers,Imm.PctB220
Insulin.15,Imm.PctB220
Insulin.30,Imm.PctB220
Insulin.75,Imm.PctB220
Insulin.AUC,Imm.PctB220
Insulin.Delta,Imm.PctB220
KI67,Imm.PctB220
Obesity.BMI,Imm.PctB220
Obesity.BodyLength,Imm.PctB220
OFT.Boli,Imm.PctB220
OFT.CenterTime,Imm.PctB220
OFT.TotalActivity,Imm.PctB220
PAS.Ambulatory1,Imm.PctB220
PAS.Ambulatory6,Imm.PctB220
PAS.TotalAmbulatory,Imm.PctB220
PAS.TotalFine,Imm.PctB220
Pleth.base.BreathFrequency,Imm.PctB220
Pleth.base.EnhancedPause,Imm.PctB220
Pleth.base.ExpiratoryTime,Imm.PctB220
Pleth.base.InspiratoryTime,Imm.PctB220
Pleth.base.MinuteVolume,Imm.PctB220
Pleth.base.TidalVolume,Imm.PctB220
Pleth.EnhancedDiff,Imm.PctB220
Pleth.meta.BreathFrequency,Imm.PctB220
Pleth.meta.EnhancedPause,Imm.PctB220
Pleth.meta.ExpiratoryTime,Imm.PctB220
Pleth.meta.InspiratoryTime,Imm.PctB220
Pleth.meta.MinuteVolume,Imm.PctB220
Pleth.meta.TidalVolume,Imm.PctB220
Pleth.Weight,Imm.PctB220
Start.Weight,Imm.PctB220
StressSteroid,Imm.PctB220
Weight.GrowthSlope,Imm.PctB220
