AdrenalMeanWeight,Haem.RDW
AUC.IRI.AUC.G,Haem.RDW
Biochem.ALP,Haem.RDW
Biochem.Calcium,Haem.RDW
Biochem.Glucose,Haem.RDW
Biochem.HDL,Haem.RDW
Biochem.LDL,Haem.RDW
Biochem.Phosphorous,Haem.RDW
Biochem.Tot.Cholesterol,Haem.RDW
Biochem.Triglycerides,Haem.RDW
Biochem.Urea,Haem.RDW
BurrowedPelletWeight,Haem.RDW
CD4Count,Haem.RDW
CD8Count,Haem.RDW
Context.Mean.Freeze,Haem.RDW
Cue.Mean.Freeze.Corrected.During,Haem.RDW
Cue.Mean.Freeze.Post,Haem.RDW
DIRI.DG,Haem.RDW
EarHoleMeanArea,Haem.RDW
EPM.ClosedArmDistance,Haem.RDW
EPM.ClosedArmEntries,Haem.RDW
EPM.ClosedArmTime,Haem.RDW
EPM.JunctionDistance,Haem.RDW
EPM.JunctionEntries,Haem.RDW
EPM.JunctionTime,Haem.RDW
EPM.OpenArmDistance,Haem.RDW
EPM.OpenArmEntries,Haem.RDW
EPM.OpenArmTime,Haem.RDW
FaecalSteroidFemales,Haem.RDW
FaecalSteroid,Haem.RDW
FN.PctWtLoss,Haem.RDW
FN.postWeight,Haem.RDW
FN.preWeight,Haem.RDW
FPS.Bang.Increase,Haem.RDW
FPS.Bang.Tone.Increase,Haem.RDW
FPS.Pre.Bang.Mean,Haem.RDW
FPS.Pre.Bang.Tone.Mean,Haem.RDW
Glucose_0,Haem.RDW
Glucose_15,Haem.RDW
Glucose_30,Haem.RDW
Glucose_75,Haem.RDW
Glucose.AUC,Haem.RDW
Glucose.Delta,Haem.RDW
Glucose.Slope,Haem.RDW
Glucose.Weight,Haem.RDW
Haem.HGB,Haem.RDW
Haem.LYMabs,Haem.RDW
Haem.MCHC,Haem.RDW
Haem.MCH,Haem.RDW
Haem.MCV,Haem.RDW
Haem.MPV,Haem.RDW
Haem.NEUabs,Haem.RDW
Haem.PCT,Haem.RDW
Haem.PLT,Haem.RDW
Haem.RBC,Haem.RDW
Haem.RDW,Haem.RDW
Haem.WBC,Haem.RDW
Imm.BCell.size,Haem.RDW
Imm.CD4CD8Ratio,Haem.RDW
Imm.CD4inCD3XGeoMean,Haem.RDW
Imm.CD8inCD3YGeoMean,Haem.RDW
Imm.PctB220,Haem.RDW
Imm.PctCD3,Haem.RDW
Imm.PctCD4inCD3,Haem.RDW
Imm.PctCD4,Haem.RDW
Imm.PctCD8inCD3,Haem.RDW
Imm.PctCD8,Haem.RDW
Imm.PctNKTAndOutliers,Haem.RDW
Insulin.15,Haem.RDW
Insulin.30,Haem.RDW
Insulin.75,Haem.RDW
Insulin.AUC,Haem.RDW
Insulin.Delta,Haem.RDW
KI67,Haem.RDW
Obesity.BMI,Haem.RDW
Obesity.BodyLength,Haem.RDW
OFT.Boli,Haem.RDW
OFT.CenterTime,Haem.RDW
OFT.TotalActivity,Haem.RDW
PAS.Ambulatory1,Haem.RDW
PAS.Ambulatory6,Haem.RDW
PAS.TotalAmbulatory,Haem.RDW
PAS.TotalFine,Haem.RDW
Pleth.base.BreathFrequency,Haem.RDW
Pleth.base.EnhancedPause,Haem.RDW
Pleth.base.ExpiratoryTime,Haem.RDW
Pleth.base.InspiratoryTime,Haem.RDW
Pleth.base.MinuteVolume,Haem.RDW
Pleth.base.TidalVolume,Haem.RDW
Pleth.EnhancedDiff,Haem.RDW
Pleth.meta.BreathFrequency,Haem.RDW
Pleth.meta.EnhancedPause,Haem.RDW
Pleth.meta.ExpiratoryTime,Haem.RDW
Pleth.meta.InspiratoryTime,Haem.RDW
Pleth.meta.MinuteVolume,Haem.RDW
Pleth.meta.TidalVolume,Haem.RDW
Pleth.Weight,Haem.RDW
Start.Weight,Haem.RDW
StressSteroid,Haem.RDW
Weight.GrowthSlope,Haem.RDW
