AdrenalMeanWeight,EarHoleMeanArea
AUC.IRI.AUC.G,EarHoleMeanArea
Biochem.ALP,EarHoleMeanArea
Biochem.Calcium,EarHoleMeanArea
Biochem.Glucose,EarHoleMeanArea
Biochem.HDL,EarHoleMeanArea
Biochem.LDL,EarHoleMeanArea
Biochem.Phosphorous,EarHoleMeanArea
Biochem.Tot.Cholesterol,EarHoleMeanArea
Biochem.Triglycerides,EarHoleMeanArea
Biochem.Urea,EarHoleMeanArea
BurrowedPelletWeight,EarHoleMeanArea
CD4Count,EarHoleMeanArea
CD8Count,EarHoleMeanArea
Context.Mean.Freeze,EarHoleMeanArea
Cue.Mean.Freeze.Corrected.During,EarHoleMeanArea
Cue.Mean.Freeze.Post,EarHoleMeanArea
DIRI.DG,EarHoleMeanArea
EarHoleMeanArea,EarHoleMeanArea
EPM.ClosedArmDistance,EarHoleMeanArea
EPM.ClosedArmEntries,EarHoleMeanArea
EPM.ClosedArmTime,EarHoleMeanArea
EPM.JunctionDistance,EarHoleMeanArea
EPM.JunctionEntries,EarHoleMeanArea
EPM.JunctionTime,EarHoleMeanArea
EPM.OpenArmDistance,EarHoleMeanArea
EPM.OpenArmEntries,EarHoleMeanArea
EPM.OpenArmTime,EarHoleMeanArea
FaecalSteroidFemales,EarHoleMeanArea
FaecalSteroid,EarHoleMeanArea
FN.PctWtLoss,EarHoleMeanArea
FN.postWeight,EarHoleMeanArea
FN.preWeight,EarHoleMeanArea
FPS.Bang.Increase,EarHoleMeanArea
FPS.Bang.Tone.Increase,EarHoleMeanArea
FPS.Pre.Bang.Mean,EarHoleMeanArea
FPS.Pre.Bang.Tone.Mean,EarHoleMeanArea
Glucose_0,EarHoleMeanArea
Glucose_15,EarHoleMeanArea
Glucose_30,EarHoleMeanArea
Glucose_75,EarHoleMeanArea
Glucose.AUC,EarHoleMeanArea
Glucose.Delta,EarHoleMeanArea
Glucose.Slope,EarHoleMeanArea
Glucose.Weight,EarHoleMeanArea
Haem.HGB,EarHoleMeanArea
Haem.LYMabs,EarHoleMeanArea
Haem.MCHC,EarHoleMeanArea
Haem.MCH,EarHoleMeanArea
Haem.MCV,EarHoleMeanArea
Haem.MPV,EarHoleMeanArea
Haem.NEUabs,EarHoleMeanArea
Haem.PCT,EarHoleMeanArea
Haem.PLT,EarHoleMeanArea
Haem.RBC,EarHoleMeanArea
Haem.RDW,EarHoleMeanArea
Haem.WBC,EarHoleMeanArea
Imm.BCell.size,EarHoleMeanArea
Imm.CD4CD8Ratio,EarHoleMeanArea
Imm.CD4inCD3XGeoMean,EarHoleMeanArea
Imm.CD8inCD3YGeoMean,EarHoleMeanArea
Imm.PctB220,EarHoleMeanArea
Imm.PctCD3,EarHoleMeanArea
Imm.PctCD4inCD3,EarHoleMeanArea
Imm.PctCD4,EarHoleMeanArea
Imm.PctCD8inCD3,EarHoleMeanArea
Imm.PctCD8,EarHoleMeanArea
Imm.PctNKTAndOutliers,EarHoleMeanArea
Insulin.15,EarHoleMeanArea
Insulin.30,EarHoleMeanArea
Insulin.75,EarHoleMeanArea
Insulin.AUC,EarHoleMeanArea
Insulin.Delta,EarHoleMeanArea
KI67,EarHoleMeanArea
Obesity.BMI,EarHoleMeanArea
Obesity.BodyLength,EarHoleMeanArea
OFT.Boli,EarHoleMeanArea
OFT.CenterTime,EarHoleMeanArea
OFT.TotalActivity,EarHoleMeanArea
PAS.Ambulatory1,EarHoleMeanArea
PAS.Ambulatory6,EarHoleMeanArea
PAS.TotalAmbulatory,EarHoleMeanArea
PAS.TotalFine,EarHoleMeanArea
Pleth.base.BreathFrequency,EarHoleMeanArea
Pleth.base.EnhancedPause,EarHoleMeanArea
Pleth.base.ExpiratoryTime,EarHoleMeanArea
Pleth.base.InspiratoryTime,EarHoleMeanArea
Pleth.base.MinuteVolume,EarHoleMeanArea
Pleth.base.TidalVolume,EarHoleMeanArea
Pleth.EnhancedDiff,EarHoleMeanArea
Pleth.meta.BreathFrequency,EarHoleMeanArea
Pleth.meta.EnhancedPause,EarHoleMeanArea
Pleth.meta.ExpiratoryTime,EarHoleMeanArea
Pleth.meta.InspiratoryTime,EarHoleMeanArea
Pleth.meta.MinuteVolume,EarHoleMeanArea
Pleth.meta.TidalVolume,EarHoleMeanArea
Pleth.Weight,EarHoleMeanArea
Start.Weight,EarHoleMeanArea
StressSteroid,EarHoleMeanArea
Weight.GrowthSlope,EarHoleMeanArea
