AdrenalMeanWeight,Start.Weight
AUC.IRI.AUC.G,Start.Weight
Biochem.ALP,Start.Weight
Biochem.Calcium,Start.Weight
Biochem.Glucose,Start.Weight
Biochem.HDL,Start.Weight
Biochem.LDL,Start.Weight
Biochem.Phosphorous,Start.Weight
Biochem.Tot.Cholesterol,Start.Weight
Biochem.Triglycerides,Start.Weight
Biochem.Urea,Start.Weight
BurrowedPelletWeight,Start.Weight
CD4Count,Start.Weight
CD8Count,Start.Weight
Context.Mean.Freeze,Start.Weight
Cue.Mean.Freeze.Corrected.During,Start.Weight
Cue.Mean.Freeze.Post,Start.Weight
DIRI.DG,Start.Weight
EarHoleMeanArea,Start.Weight
EPM.ClosedArmDistance,Start.Weight
EPM.ClosedArmEntries,Start.Weight
EPM.ClosedArmTime,Start.Weight
EPM.JunctionDistance,Start.Weight
EPM.JunctionEntries,Start.Weight
EPM.JunctionTime,Start.Weight
EPM.OpenArmDistance,Start.Weight
EPM.OpenArmEntries,Start.Weight
EPM.OpenArmTime,Start.Weight
FaecalSteroidFemales,Start.Weight
FaecalSteroid,Start.Weight
FN.PctWtLoss,Start.Weight
FN.postWeight,Start.Weight
FN.preWeight,Start.Weight
FPS.Bang.Increase,Start.Weight
FPS.Bang.Tone.Increase,Start.Weight
FPS.Pre.Bang.Mean,Start.Weight
FPS.Pre.Bang.Tone.Mean,Start.Weight
Glucose_0,Start.Weight
Glucose_15,Start.Weight
Glucose_30,Start.Weight
Glucose_75,Start.Weight
Glucose.AUC,Start.Weight
Glucose.Delta,Start.Weight
Glucose.Slope,Start.Weight
Glucose.Weight,Start.Weight
Haem.HGB,Start.Weight
Haem.LYMabs,Start.Weight
Haem.MCHC,Start.Weight
Haem.MCH,Start.Weight
Haem.MCV,Start.Weight
Haem.MPV,Start.Weight
Haem.NEUabs,Start.Weight
Haem.PCT,Start.Weight
Haem.PLT,Start.Weight
Haem.RBC,Start.Weight
Haem.RDW,Start.Weight
Haem.WBC,Start.Weight
Imm.BCell.size,Start.Weight
Imm.CD4CD8Ratio,Start.Weight
Imm.CD4inCD3XGeoMean,Start.Weight
Imm.CD8inCD3YGeoMean,Start.Weight
Imm.PctB220,Start.Weight
Imm.PctCD3,Start.Weight
Imm.PctCD4inCD3,Start.Weight
Imm.PctCD4,Start.Weight
Imm.PctCD8inCD3,Start.Weight
Imm.PctCD8,Start.Weight
Imm.PctNKTAndOutliers,Start.Weight
Insulin.15,Start.Weight
Insulin.30,Start.Weight
Insulin.75,Start.Weight
Insulin.AUC,Start.Weight
Insulin.Delta,Start.Weight
KI67,Start.Weight
Obesity.BMI,Start.Weight
Obesity.BodyLength,Start.Weight
OFT.Boli,Start.Weight
OFT.CenterTime,Start.Weight
OFT.TotalActivity,Start.Weight
PAS.Ambulatory1,Start.Weight
PAS.Ambulatory6,Start.Weight
PAS.TotalAmbulatory,Start.Weight
PAS.TotalFine,Start.Weight
Pleth.base.BreathFrequency,Start.Weight
Pleth.base.EnhancedPause,Start.Weight
Pleth.base.ExpiratoryTime,Start.Weight
Pleth.base.InspiratoryTime,Start.Weight
Pleth.base.MinuteVolume,Start.Weight
Pleth.base.TidalVolume,Start.Weight
Pleth.EnhancedDiff,Start.Weight
Pleth.meta.BreathFrequency,Start.Weight
Pleth.meta.EnhancedPause,Start.Weight
Pleth.meta.ExpiratoryTime,Start.Weight
Pleth.meta.InspiratoryTime,Start.Weight
Pleth.meta.MinuteVolume,Start.Weight
Pleth.meta.TidalVolume,Start.Weight
Pleth.Weight,Start.Weight
Start.Weight,Start.Weight
StressSteroid,Start.Weight
Weight.GrowthSlope,Start.Weight
