AdrenalMeanWeight,Biochem.Sodium
AUC.IRI.AUC.G,Biochem.Sodium
Biochem.ALP,Biochem.Sodium
Biochem.Calcium,Biochem.Sodium
Biochem.Glucose,Biochem.Sodium
Biochem.HDL,Biochem.Sodium
Biochem.LDL,Biochem.Sodium
Biochem.Phosphorous,Biochem.Sodium
Biochem.Tot.Cholesterol,Biochem.Sodium
Biochem.Triglycerides,Biochem.Sodium
Biochem.Urea,Biochem.Sodium
BurrowedPelletWeight,Biochem.Sodium
CD4Count,Biochem.Sodium
CD8Count,Biochem.Sodium
Context.Mean.Freeze,Biochem.Sodium
Cue.Mean.Freeze.Corrected.During,Biochem.Sodium
Cue.Mean.Freeze.Post,Biochem.Sodium
DIRI.DG,Biochem.Sodium
EarHoleMeanArea,Biochem.Sodium
EPM.ClosedArmDistance,Biochem.Sodium
EPM.ClosedArmEntries,Biochem.Sodium
EPM.ClosedArmTime,Biochem.Sodium
EPM.JunctionDistance,Biochem.Sodium
EPM.JunctionEntries,Biochem.Sodium
EPM.JunctionTime,Biochem.Sodium
EPM.OpenArmDistance,Biochem.Sodium
EPM.OpenArmEntries,Biochem.Sodium
EPM.OpenArmTime,Biochem.Sodium
FaecalSteroidFemales,Biochem.Sodium
FaecalSteroid,Biochem.Sodium
FN.PctWtLoss,Biochem.Sodium
FN.postWeight,Biochem.Sodium
FN.preWeight,Biochem.Sodium
FPS.Bang.Increase,Biochem.Sodium
FPS.Bang.Tone.Increase,Biochem.Sodium
FPS.Pre.Bang.Mean,Biochem.Sodium
FPS.Pre.Bang.Tone.Mean,Biochem.Sodium
Glucose_0,Biochem.Sodium
Glucose_15,Biochem.Sodium
Glucose_30,Biochem.Sodium
Glucose_75,Biochem.Sodium
Glucose.AUC,Biochem.Sodium
Glucose.Delta,Biochem.Sodium
Glucose.Slope,Biochem.Sodium
Glucose.Weight,Biochem.Sodium
Haem.HGB,Biochem.Sodium
Haem.LYMabs,Biochem.Sodium
Haem.MCHC,Biochem.Sodium
Haem.MCH,Biochem.Sodium
Haem.MCV,Biochem.Sodium
Haem.MPV,Biochem.Sodium
Haem.NEUabs,Biochem.Sodium
Haem.PCT,Biochem.Sodium
Haem.PLT,Biochem.Sodium
Haem.RBC,Biochem.Sodium
Haem.RDW,Biochem.Sodium
Haem.WBC,Biochem.Sodium
Imm.BCell.size,Biochem.Sodium
Imm.CD4CD8Ratio,Biochem.Sodium
Imm.CD4inCD3XGeoMean,Biochem.Sodium
Imm.CD8inCD3YGeoMean,Biochem.Sodium
Imm.PctB220,Biochem.Sodium
Imm.PctCD3,Biochem.Sodium
Imm.PctCD4inCD3,Biochem.Sodium
Imm.PctCD4,Biochem.Sodium
Imm.PctCD8inCD3,Biochem.Sodium
Imm.PctCD8,Biochem.Sodium
Imm.PctNKTAndOutliers,Biochem.Sodium
Insulin.15,Biochem.Sodium
Insulin.30,Biochem.Sodium
Insulin.75,Biochem.Sodium
Insulin.AUC,Biochem.Sodium
Insulin.Delta,Biochem.Sodium
KI67,Biochem.Sodium
Obesity.BMI,Biochem.Sodium
Obesity.BodyLength,Biochem.Sodium
OFT.Boli,Biochem.Sodium
OFT.CenterTime,Biochem.Sodium
OFT.TotalActivity,Biochem.Sodium
PAS.Ambulatory1,Biochem.Sodium
PAS.Ambulatory6,Biochem.Sodium
PAS.TotalAmbulatory,Biochem.Sodium
PAS.TotalFine,Biochem.Sodium
Pleth.base.BreathFrequency,Biochem.Sodium
Pleth.base.EnhancedPause,Biochem.Sodium
Pleth.base.ExpiratoryTime,Biochem.Sodium
Pleth.base.InspiratoryTime,Biochem.Sodium
Pleth.base.MinuteVolume,Biochem.Sodium
Pleth.base.TidalVolume,Biochem.Sodium
Pleth.EnhancedDiff,Biochem.Sodium
Pleth.meta.BreathFrequency,Biochem.Sodium
Pleth.meta.EnhancedPause,Biochem.Sodium
Pleth.meta.ExpiratoryTime,Biochem.Sodium
Pleth.meta.InspiratoryTime,Biochem.Sodium
Pleth.meta.MinuteVolume,Biochem.Sodium
Pleth.meta.TidalVolume,Biochem.Sodium
Pleth.Weight,Biochem.Sodium
Start.Weight,Biochem.Sodium
StressSteroid,Biochem.Sodium
Weight.GrowthSlope,Biochem.Sodium
