AdrenalMeanWeight,FaecalSteroidFemales
AUC.IRI.AUC.G,FaecalSteroidFemales
Biochem.ALP,FaecalSteroidFemales
Biochem.Calcium,FaecalSteroidFemales
Biochem.Glucose,FaecalSteroidFemales
Biochem.HDL,FaecalSteroidFemales
Biochem.LDL,FaecalSteroidFemales
Biochem.Phosphorous,FaecalSteroidFemales
Biochem.Tot.Cholesterol,FaecalSteroidFemales
Biochem.Triglycerides,FaecalSteroidFemales
Biochem.Urea,FaecalSteroidFemales
BurrowedPelletWeight,FaecalSteroidFemales
CD4Count,FaecalSteroidFemales
CD8Count,FaecalSteroidFemales
Context.Mean.Freeze,FaecalSteroidFemales
Cue.Mean.Freeze.Corrected.During,FaecalSteroidFemales
Cue.Mean.Freeze.Post,FaecalSteroidFemales
DIRI.DG,FaecalSteroidFemales
EarHoleMeanArea,FaecalSteroidFemales
EPM.ClosedArmDistance,FaecalSteroidFemales
EPM.ClosedArmEntries,FaecalSteroidFemales
EPM.ClosedArmTime,FaecalSteroidFemales
EPM.JunctionDistance,FaecalSteroidFemales
EPM.JunctionEntries,FaecalSteroidFemales
EPM.JunctionTime,FaecalSteroidFemales
EPM.OpenArmDistance,FaecalSteroidFemales
EPM.OpenArmEntries,FaecalSteroidFemales
EPM.OpenArmTime,FaecalSteroidFemales
FaecalSteroidFemales,FaecalSteroidFemales
FaecalSteroid,FaecalSteroidFemales
FN.PctWtLoss,FaecalSteroidFemales
FN.postWeight,FaecalSteroidFemales
FN.preWeight,FaecalSteroidFemales
FPS.Bang.Increase,FaecalSteroidFemales
FPS.Bang.Tone.Increase,FaecalSteroidFemales
FPS.Pre.Bang.Mean,FaecalSteroidFemales
FPS.Pre.Bang.Tone.Mean,FaecalSteroidFemales
Glucose_0,FaecalSteroidFemales
Glucose_15,FaecalSteroidFemales
Glucose_30,FaecalSteroidFemales
Glucose_75,FaecalSteroidFemales
Glucose.AUC,FaecalSteroidFemales
Glucose.Delta,FaecalSteroidFemales
Glucose.Slope,FaecalSteroidFemales
Glucose.Weight,FaecalSteroidFemales
Haem.HGB,FaecalSteroidFemales
Haem.LYMabs,FaecalSteroidFemales
Haem.MCHC,FaecalSteroidFemales
Haem.MCH,FaecalSteroidFemales
Haem.MCV,FaecalSteroidFemales
Haem.MPV,FaecalSteroidFemales
Haem.NEUabs,FaecalSteroidFemales
Haem.PCT,FaecalSteroidFemales
Haem.PLT,FaecalSteroidFemales
Haem.RBC,FaecalSteroidFemales
Haem.RDW,FaecalSteroidFemales
Haem.WBC,FaecalSteroidFemales
Imm.BCell.size,FaecalSteroidFemales
Imm.CD4CD8Ratio,FaecalSteroidFemales
Imm.CD4inCD3XGeoMean,FaecalSteroidFemales
Imm.CD8inCD3YGeoMean,FaecalSteroidFemales
Imm.PctB220,FaecalSteroidFemales
Imm.PctCD3,FaecalSteroidFemales
Imm.PctCD4inCD3,FaecalSteroidFemales
Imm.PctCD4,FaecalSteroidFemales
Imm.PctCD8inCD3,FaecalSteroidFemales
Imm.PctCD8,FaecalSteroidFemales
Imm.PctNKTAndOutliers,FaecalSteroidFemales
Insulin.15,FaecalSteroidFemales
Insulin.30,FaecalSteroidFemales
Insulin.75,FaecalSteroidFemales
Insulin.AUC,FaecalSteroidFemales
Insulin.Delta,FaecalSteroidFemales
KI67,FaecalSteroidFemales
Obesity.BMI,FaecalSteroidFemales
Obesity.BodyLength,FaecalSteroidFemales
OFT.Boli,FaecalSteroidFemales
OFT.CenterTime,FaecalSteroidFemales
OFT.TotalActivity,FaecalSteroidFemales
PAS.Ambulatory1,FaecalSteroidFemales
PAS.Ambulatory6,FaecalSteroidFemales
PAS.TotalAmbulatory,FaecalSteroidFemales
PAS.TotalFine,FaecalSteroidFemales
Pleth.base.BreathFrequency,FaecalSteroidFemales
Pleth.base.EnhancedPause,FaecalSteroidFemales
Pleth.base.ExpiratoryTime,FaecalSteroidFemales
Pleth.base.InspiratoryTime,FaecalSteroidFemales
Pleth.base.MinuteVolume,FaecalSteroidFemales
Pleth.base.TidalVolume,FaecalSteroidFemales
Pleth.EnhancedDiff,FaecalSteroidFemales
Pleth.meta.BreathFrequency,FaecalSteroidFemales
Pleth.meta.EnhancedPause,FaecalSteroidFemales
Pleth.meta.ExpiratoryTime,FaecalSteroidFemales
Pleth.meta.InspiratoryTime,FaecalSteroidFemales
Pleth.meta.MinuteVolume,FaecalSteroidFemales
Pleth.meta.TidalVolume,FaecalSteroidFemales
Pleth.Weight,FaecalSteroidFemales
Start.Weight,FaecalSteroidFemales
StressSteroid,FaecalSteroidFemales
Weight.GrowthSlope,FaecalSteroidFemales
