AdrenalMeanWeight,Pleth.base.EnhancedPause
AUC.IRI.AUC.G,Pleth.base.EnhancedPause
Biochem.ALP,Pleth.base.EnhancedPause
Biochem.Calcium,Pleth.base.EnhancedPause
Biochem.Glucose,Pleth.base.EnhancedPause
Biochem.HDL,Pleth.base.EnhancedPause
Biochem.LDL,Pleth.base.EnhancedPause
Biochem.Phosphorous,Pleth.base.EnhancedPause
Biochem.Tot.Cholesterol,Pleth.base.EnhancedPause
Biochem.Triglycerides,Pleth.base.EnhancedPause
Biochem.Urea,Pleth.base.EnhancedPause
BurrowedPelletWeight,Pleth.base.EnhancedPause
CD4Count,Pleth.base.EnhancedPause
CD8Count,Pleth.base.EnhancedPause
Context.Mean.Freeze,Pleth.base.EnhancedPause
Cue.Mean.Freeze.Corrected.During,Pleth.base.EnhancedPause
Cue.Mean.Freeze.Post,Pleth.base.EnhancedPause
DIRI.DG,Pleth.base.EnhancedPause
EarHoleMeanArea,Pleth.base.EnhancedPause
EPM.ClosedArmDistance,Pleth.base.EnhancedPause
EPM.ClosedArmEntries,Pleth.base.EnhancedPause
EPM.ClosedArmTime,Pleth.base.EnhancedPause
EPM.JunctionDistance,Pleth.base.EnhancedPause
EPM.JunctionEntries,Pleth.base.EnhancedPause
EPM.JunctionTime,Pleth.base.EnhancedPause
EPM.OpenArmDistance,Pleth.base.EnhancedPause
EPM.OpenArmEntries,Pleth.base.EnhancedPause
EPM.OpenArmTime,Pleth.base.EnhancedPause
FaecalSteroidFemales,Pleth.base.EnhancedPause
FaecalSteroid,Pleth.base.EnhancedPause
FN.PctWtLoss,Pleth.base.EnhancedPause
FN.postWeight,Pleth.base.EnhancedPause
FN.preWeight,Pleth.base.EnhancedPause
FPS.Bang.Increase,Pleth.base.EnhancedPause
FPS.Bang.Tone.Increase,Pleth.base.EnhancedPause
FPS.Pre.Bang.Mean,Pleth.base.EnhancedPause
FPS.Pre.Bang.Tone.Mean,Pleth.base.EnhancedPause
Glucose_0,Pleth.base.EnhancedPause
Glucose_15,Pleth.base.EnhancedPause
Glucose_30,Pleth.base.EnhancedPause
Glucose_75,Pleth.base.EnhancedPause
Glucose.AUC,Pleth.base.EnhancedPause
Glucose.Delta,Pleth.base.EnhancedPause
Glucose.Slope,Pleth.base.EnhancedPause
Glucose.Weight,Pleth.base.EnhancedPause
Haem.HGB,Pleth.base.EnhancedPause
Haem.LYMabs,Pleth.base.EnhancedPause
Haem.MCHC,Pleth.base.EnhancedPause
Haem.MCH,Pleth.base.EnhancedPause
Haem.MCV,Pleth.base.EnhancedPause
Haem.MPV,Pleth.base.EnhancedPause
Haem.NEUabs,Pleth.base.EnhancedPause
Haem.PCT,Pleth.base.EnhancedPause
Haem.PLT,Pleth.base.EnhancedPause
Haem.RBC,Pleth.base.EnhancedPause
Haem.RDW,Pleth.base.EnhancedPause
Haem.WBC,Pleth.base.EnhancedPause
Imm.BCell.size,Pleth.base.EnhancedPause
Imm.CD4CD8Ratio,Pleth.base.EnhancedPause
Imm.CD4inCD3XGeoMean,Pleth.base.EnhancedPause
Imm.CD8inCD3YGeoMean,Pleth.base.EnhancedPause
Imm.PctB220,Pleth.base.EnhancedPause
Imm.PctCD3,Pleth.base.EnhancedPause
Imm.PctCD4inCD3,Pleth.base.EnhancedPause
Imm.PctCD4,Pleth.base.EnhancedPause
Imm.PctCD8inCD3,Pleth.base.EnhancedPause
Imm.PctCD8,Pleth.base.EnhancedPause
Imm.PctNKTAndOutliers,Pleth.base.EnhancedPause
Insulin.15,Pleth.base.EnhancedPause
Insulin.30,Pleth.base.EnhancedPause
Insulin.75,Pleth.base.EnhancedPause
Insulin.AUC,Pleth.base.EnhancedPause
Insulin.Delta,Pleth.base.EnhancedPause
KI67,Pleth.base.EnhancedPause
Obesity.BMI,Pleth.base.EnhancedPause
Obesity.BodyLength,Pleth.base.EnhancedPause
OFT.Boli,Pleth.base.EnhancedPause
OFT.CenterTime,Pleth.base.EnhancedPause
OFT.TotalActivity,Pleth.base.EnhancedPause
PAS.Ambulatory1,Pleth.base.EnhancedPause
PAS.Ambulatory6,Pleth.base.EnhancedPause
PAS.TotalAmbulatory,Pleth.base.EnhancedPause
PAS.TotalFine,Pleth.base.EnhancedPause
Pleth.base.BreathFrequency,Pleth.base.EnhancedPause
Pleth.base.EnhancedPause,Pleth.base.EnhancedPause
Pleth.base.ExpiratoryTime,Pleth.base.EnhancedPause
Pleth.base.InspiratoryTime,Pleth.base.EnhancedPause
Pleth.base.MinuteVolume,Pleth.base.EnhancedPause
Pleth.base.TidalVolume,Pleth.base.EnhancedPause
Pleth.EnhancedDiff,Pleth.base.EnhancedPause
Pleth.meta.BreathFrequency,Pleth.base.EnhancedPause
Pleth.meta.EnhancedPause,Pleth.base.EnhancedPause
Pleth.meta.ExpiratoryTime,Pleth.base.EnhancedPause
Pleth.meta.InspiratoryTime,Pleth.base.EnhancedPause
Pleth.meta.MinuteVolume,Pleth.base.EnhancedPause
Pleth.meta.TidalVolume,Pleth.base.EnhancedPause
Pleth.Weight,Pleth.base.EnhancedPause
Start.Weight,Pleth.base.EnhancedPause
StressSteroid,Pleth.base.EnhancedPause
Weight.GrowthSlope,Pleth.base.EnhancedPause
