AdrenalMeanWeight,Imm.CD4.size
AUC.IRI.AUC.G,Imm.CD4.size
Biochem.ALP,Imm.CD4.size
Biochem.Calcium,Imm.CD4.size
Biochem.Glucose,Imm.CD4.size
Biochem.HDL,Imm.CD4.size
Biochem.LDL,Imm.CD4.size
Biochem.Phosphorous,Imm.CD4.size
Biochem.Tot.Cholesterol,Imm.CD4.size
Biochem.Triglycerides,Imm.CD4.size
Biochem.Urea,Imm.CD4.size
BurrowedPelletWeight,Imm.CD4.size
CD4Count,Imm.CD4.size
CD8Count,Imm.CD4.size
Context.Mean.Freeze,Imm.CD4.size
Cue.Mean.Freeze.Corrected.During,Imm.CD4.size
Cue.Mean.Freeze.Post,Imm.CD4.size
DIRI.DG,Imm.CD4.size
EarHoleMeanArea,Imm.CD4.size
EPM.ClosedArmDistance,Imm.CD4.size
EPM.ClosedArmEntries,Imm.CD4.size
EPM.ClosedArmTime,Imm.CD4.size
EPM.JunctionDistance,Imm.CD4.size
EPM.JunctionEntries,Imm.CD4.size
EPM.JunctionTime,Imm.CD4.size
EPM.OpenArmDistance,Imm.CD4.size
EPM.OpenArmEntries,Imm.CD4.size
EPM.OpenArmTime,Imm.CD4.size
FaecalSteroid,Imm.CD4.size
FaecalSteroidFemales,Imm.CD4.size
FN.PctWtLoss,Imm.CD4.size
FN.postWeight,Imm.CD4.size
FN.preWeight,Imm.CD4.size
FPS.Bang.Increase,Imm.CD4.size
FPS.Bang.Tone.Increase,Imm.CD4.size
FPS.Pre.Bang.Mean,Imm.CD4.size
FPS.Pre.Bang.Tone.Mean,Imm.CD4.size
Glucose_0,Imm.CD4.size
Glucose_15,Imm.CD4.size
Glucose_30,Imm.CD4.size
Glucose_75,Imm.CD4.size
Glucose.AUC,Imm.CD4.size
Glucose.Delta,Imm.CD4.size
Glucose.Slope,Imm.CD4.size
Glucose.Weight,Imm.CD4.size
Haem.HGB,Imm.CD4.size
Haem.LYMabs,Imm.CD4.size
Haem.MCH,Imm.CD4.size
Haem.MCHC,Imm.CD4.size
Haem.MCV,Imm.CD4.size
Haem.MPV,Imm.CD4.size
Haem.NEUabs,Imm.CD4.size
Haem.PCT,Imm.CD4.size
Haem.PLT,Imm.CD4.size
Haem.RBC,Imm.CD4.size
Haem.RDW,Imm.CD4.size
Haem.WBC,Imm.CD4.size
Imm.BCell.size,Imm.CD4.size
Imm.CD4CD8Ratio,Imm.CD4.size
Imm.CD4inCD3XGeoMean,Imm.CD4.size
Imm.CD8inCD3YGeoMean,Imm.CD4.size
Imm.PctB220,Imm.CD4.size
Imm.PctCD3,Imm.CD4.size
Imm.PctCD4,Imm.CD4.size
Imm.PctCD4inCD3,Imm.CD4.size
Imm.PctCD8,Imm.CD4.size
Imm.PctCD8inCD3,Imm.CD4.size
Imm.PctNKTAndOutliers,Imm.CD4.size
Insulin.15,Imm.CD4.size
Insulin.30,Imm.CD4.size
Insulin.75,Imm.CD4.size
Insulin.AUC,Imm.CD4.size
Insulin.Delta,Imm.CD4.size
KI67,Imm.CD4.size
Obesity.BMI,Imm.CD4.size
Obesity.BodyLength,Imm.CD4.size
OFT.Boli,Imm.CD4.size
OFT.CenterTime,Imm.CD4.size
OFT.TotalActivity,Imm.CD4.size
PAS.Ambulatory1,Imm.CD4.size
PAS.Ambulatory6,Imm.CD4.size
PAS.TotalAmbulatory,Imm.CD4.size
PAS.TotalFine,Imm.CD4.size
Pleth.base.BreathFrequency,Imm.CD4.size
Pleth.base.EnhancedPause,Imm.CD4.size
Pleth.base.ExpiratoryTime,Imm.CD4.size
Pleth.base.InspiratoryTime,Imm.CD4.size
Pleth.base.MinuteVolume,Imm.CD4.size
Pleth.base.TidalVolume,Imm.CD4.size
Pleth.EnhancedDiff,Imm.CD4.size
Pleth.meta.BreathFrequency,Imm.CD4.size
Pleth.meta.EnhancedPause,Imm.CD4.size
Pleth.meta.ExpiratoryTime,Imm.CD4.size
Pleth.meta.InspiratoryTime,Imm.CD4.size
Pleth.meta.MinuteVolume,Imm.CD4.size
Pleth.meta.TidalVolume,Imm.CD4.size
Pleth.Weight,Imm.CD4.size
Start.Weight,Imm.CD4.size
StressSteroid,Imm.CD4.size
Weight.GrowthSlope,Imm.CD4.size
